incident_id,report_text,location,reported_by,department,severity,incident_type,report_date,shift,status
1,pressure leak detected on pipeline 7 during routine inspection.,PLATFORM B,Aisha,INSTRUMENTATION,HIGH,LEAK,2025-09-30,DAY,OPEN
2,no report provided,COMPRESSOR STATION,Mary,UTILITIES,LOW,INSPECTION,2025-12-15,DAY,CLOSED
3,no report provided,TANK FARM,Mary,UTILITIES,MEDIUM,SLIP/FALL,2025-09-09,DAY,OPEN
4,smoke observed from electrical control panel.,REFINERY,Joy,PRODUCTION,HIGH,ELECTRICAL,2026-01-22,DAY,OPEN
5,no report provided,GAS PROCESSING UNIT,Samuel,PRODUCTION,MEDIUM,EQUIPMENT FAILURE,2025-02-14,DAY,CLOSED
6,worker slipped on wet surface near loading bay.,FLOW STATION,Blessing,PIPELINE OPERATIONS,MEDIUM,SLIP/FALL,2025-10-26,NIGHT,RESOLVED
7,oil spill discovered near storage tank.,WELLHEAD 12,Paul,PIPELINE OPERATIONS,HIGH,OIL SPILL,2025-11-09,NIGHT,RESOLVED
8,corrosion observed on external pipeline coating.,CONTROL ROOM,Chinedu,ELECTRICAL,MEDIUM,CORROSION,2025-11-19,DAY,RESOLVED
9,smoke observed from electrical control panel.,FLOW STATION,Daniel,ELECTRICAL,HIGH,ELECTRICAL,2026-03-21,NIGHT,RESOLVED
10,no report provided,COMPRESSOR STATION,John,MAINTENANCE,MEDIUM,EQUIPMENT FAILURE,2025-03-26,NIGHT,UNDER INVESTIGATION
11,worker slipped on wet surface near loading bay.,TANK FARM,Fatima,ELECTRICAL,MEDIUM,SLIP/FALL,2026-02-05,DAY,RESOLVED
12,fire extinguisher inspection completed successfully.,STORAGE TERMINAL,Joy,UTILITIES,LOW,INSPECTION,2026-02-05,DAY,OPEN
13,loose flange bolts discovered during maintenance.,LOADING BAY,Fatima,PIPELINE OPERATIONS,MEDIUM,MECHANICAL,2025-12-27,DAY,RESOLVED
14,abnormal temperature recorded in processing unit.,COMPRESSOR STATION,Ahmed,PIPELINE OPERATIONS,MEDIUM,EQUIPMENT FAILURE,2025-10-22,NIGHT,CLOSED
15,abnormal temperature recorded in processing unit.,WELLHEAD 12,Michael,MAINTENANCE,MEDIUM,EQUIPMENT FAILURE,2026-04-01,NIGHT,RESOLVED
16,pressure leak detected on pipeline 7 during routine inspection.,PIPELINE 7,Michael,MECHANICAL,HIGH,LEAK,2025-07-17,DAY,UNDER INVESTIGATION
17,sensor calibration completed successfully.,TANK FARM,Daniel,HSE,LOW,INSPECTION,2026-03-21,NIGHT,OPEN
18,gas detector triggered alarm near compressor station.,STORAGE TERMINAL,Aisha,ELECTRICAL,HIGH,GAS DETECTION,2025-12-30,DAY,OPEN
19,no report provided,MANIFOLD,John,ELECTRICAL,LOW,INSPECTION,2026-01-22,DAY,RESOLVED
20,pressure leak detected on pipeline 7 during routine inspection.,TANK FARM,David,MECHANICAL,HIGH,LEAK,2025-02-03,NIGHT,RESOLVED
21,pump vibration exceeded acceptable threshold.,PIPELINE 7,Daniel,MAINTENANCE,MEDIUM,EQUIPMENT FAILURE,2026-03-06,DAY,CLOSED
22,pump vibration exceeded acceptable threshold.,LOADING BAY,Grace,PRODUCTION,MEDIUM,EQUIPMENT FAILURE,2025-02-28,NIGHT,UNDER INVESTIGATION
23,worker slipped on wet surface near loading bay.,MANIFOLD,Daniel,HSE,MEDIUM,SLIP/FALL,2026-02-03,NIGHT,CLOSED
24,abnormal temperature recorded in processing unit.,TANK FARM,Mary,PRODUCTION,MEDIUM,EQUIPMENT FAILURE,2025-06-20,NIGHT,RESOLVED
25,pressure leak detected on pipeline 7 during routine inspection.,GAS PROCESSING UNIT,Michael,MECHANICAL,HIGH,LEAK,2025-01-22,NIGHT,RESOLVED
26,loose flange bolts discovered during maintenance.,GAS PROCESSING UNIT,Ahmed,MECHANICAL,MEDIUM,MECHANICAL,2025-11-08,NIGHT,OPEN
27,worker slipped on wet surface near loading bay.,COMPRESSOR STATION,Fatima,ELECTRICAL,MEDIUM,SLIP/FALL,2026-06-12,DAY,UNDER INVESTIGATION
28,abnormal temperature recorded in processing unit.,PIPELINE 8,Mary,UTILITIES,MEDIUM,EQUIPMENT FAILURE,2026-06-12,NIGHT,OPEN
29,oil spill discovered near storage tank.,UNKNOWN,Mary,INSPECTION,HIGH,OIL SPILL,2025-07-28,NIGHT,UNDER INVESTIGATION
30,fire extinguisher inspection completed successfully.,PIPELINE 7,Mary,PRODUCTION,LOW,INSPECTION,2025-07-21,DAY,OPEN
31,corrosion observed on external pipeline coating.,PLATFORM B,Chinedu,INSPECTION,MEDIUM,CORROSION,2025-03-29,NIGHT,OPEN
32,pump vibration exceeded acceptable threshold.,COMPRESSOR STATION,Mary,MAINTENANCE,MEDIUM,EQUIPMENT FAILURE,2025-05-19,NIGHT,RESOLVED
33,small hydraulic fluid leak found beneath crane.,REFINERY,Joy,PIPELINE OPERATIONS,MEDIUM,LEAK,2025-09-21,NIGHT,UNDER INVESTIGATION
34,fire extinguisher inspection completed successfully.,MANIFOLD,Grace,ELECTRICAL,LOW,INSPECTION,2025-05-10,DAY,RESOLVED
35,pump vibration exceeded acceptable threshold.,GAS PROCESSING UNIT,Chinedu,PRODUCTION,MEDIUM,EQUIPMENT FAILURE,2025-02-23,NIGHT,RESOLVED
36,pump vibration exceeded acceptable threshold.,LOADING BAY,Paul,INSTRUMENTATION,MEDIUM,EQUIPMENT FAILURE,2025-11-20,NIGHT,CLOSED
37,sensor calibration completed successfully.,WELLHEAD 12,Fatima,INSPECTION,LOW,INSPECTION,2025-07-05,NIGHT,OPEN
38,loose flange bolts discovered during maintenance.,REFINERY,Ibrahim,ELECTRICAL,MEDIUM,MECHANICAL,2025-09-29,DAY,RESOLVED
39,pump vibration exceeded acceptable threshold.,PIPELINE 8,Blessing,HSE,MEDIUM,EQUIPMENT FAILURE,2025-05-06,NIGHT,UNDER INVESTIGATION
40,pressure leak detected on pipeline 7 during routine inspection.,REFINERY,John,INSTRUMENTATION,HIGH,LEAK,2025-11-02,DAY,RESOLVED
41,unauthorized personnel entered restricted area.,FLOW STATION,Ahmed,UTILITIES,HIGH,SECURITY,2025-11-02,NIGHT,UNDER INVESTIGATION
42,loose flange bolts discovered during maintenance.,WELLHEAD 12,Chinedu,UTILITIES,MEDIUM,MECHANICAL,2025-09-12,NIGHT,UNDER INVESTIGATION
43,pump vibration exceeded acceptable threshold.,PIPELINE 7,Michael,PRODUCTION,MEDIUM,EQUIPMENT FAILURE,2025-01-21,NIGHT,RESOLVED
44,small hydraulic fluid leak found beneath crane.,PIPELINE 12,Samuel,ELECTRICAL,MEDIUM,LEAK,2025-02-13,NIGHT,CLOSED
45,pump vibration exceeded acceptable threshold.,CONTROL ROOM,Fatima,INSPECTION,MEDIUM,EQUIPMENT FAILURE,2025-02-02,NIGHT,UNDER INVESTIGATION
46,small hydraulic fluid leak found beneath crane.,STORAGE TERMINAL,Blessing,PIPELINE OPERATIONS,MEDIUM,LEAK,2025-11-25,NIGHT,CLOSED
47,small hydraulic fluid leak found beneath crane.,MANIFOLD,Aisha,HSE,MEDIUM,LEAK,2025-10-19,DAY,RESOLVED
48,pump vibration exceeded acceptable threshold.,REFINERY,John,PIPELINE OPERATIONS,MEDIUM,EQUIPMENT FAILURE,2026-05-24,DAY,CLOSED
49,pressure leak detected on pipeline 7 during routine inspection.,PLATFORM B,Mary,MAINTENANCE,HIGH,LEAK,2025-07-18,NIGHT,RESOLVED
50,loose flange bolts discovered during maintenance.,MANIFOLD,Samuel,INSPECTION,MEDIUM,MECHANICAL,2025-10-17,DAY,OPEN
51,routine valve maintenance completed without issues.,STORAGE TERMINAL,Mary,ELECTRICAL,LOW,MAINTENANCE,2025-10-14,DAY,OPEN
52,emergency shutdown activated after pressure surge.,REFINERY,Ibrahim,MECHANICAL,HIGH,EQUIPMENT FAILURE,2025-04-24,DAY,RESOLVED
53,sensor calibration completed successfully.,LOADING BAY,Ibrahim,ELECTRICAL,LOW,INSPECTION,2026-01-01,DAY,RESOLVED
54,worker slipped on wet surface near loading bay.,PLATFORM A,Blessing,INSPECTION,MEDIUM,SLIP/FALL,2025-09-05,DAY,CLOSED
55,smoke observed from electrical control panel.,PLATFORM A,Aisha,INSTRUMENTATION,HIGH,ELECTRICAL,2025-01-27,DAY,RESOLVED
56,emergency shutdown activated after pressure surge.,TANK FARM,Mary,PIPELINE OPERATIONS,HIGH,EQUIPMENT FAILURE,2025-02-12,DAY,RESOLVED
57,small hydraulic fluid leak found beneath crane.,PLATFORM B,Blessing,MAINTENANCE,MEDIUM,LEAK,2025-11-08,DAY,UNDER INVESTIGATION
58,emergency shutdown activated after pressure surge.,LOADING BAY,Paul,UTILITIES,HIGH,EQUIPMENT FAILURE,2025-11-08,DAY,UNDER INVESTIGATION
59,sensor calibration completed successfully.,PIPELINE 12,Samuel,INSPECTION,LOW,INSPECTION,2026-03-01,DAY,RESOLVED
60,fire extinguisher inspection completed successfully.,COMPRESSOR STATION,Grace,INSTRUMENTATION,LOW,INSPECTION,2025-03-20,NIGHT,OPEN
61,oil spill discovered near storage tank.,PIPELINE 12,Samuel,PRODUCTION,HIGH,OIL SPILL,2025-05-10,DAY,RESOLVED
62,smoke observed from electrical control panel.,CONTROL ROOM,Fatima,ELECTRICAL,HIGH,ELECTRICAL,2025-01-18,NIGHT,UNDER INVESTIGATION
63,oil spill discovered near storage tank.,TANK FARM,Grace,INSTRUMENTATION,HIGH,OIL SPILL,2025-02-18,DAY,OPEN
64,unauthorized personnel entered restricted area.,LOADING BAY,Fatima,PRODUCTION,HIGH,SECURITY,2025-07-30,NIGHT,CLOSED
65,fire extinguisher inspection completed successfully.,PIPELINE 12,Blessing,MECHANICAL,LOW,INSPECTION,2025-07-30,DAY,CLOSED
66,sensor calibration completed successfully.,FLOW STATION,Aisha,UTILITIES,LOW,INSPECTION,2025-02-03,DAY,CLOSED
67,corrosion observed on external pipeline coating.,WELLHEAD 12,Ibrahim,INSPECTION,MEDIUM,CORROSION,2026-02-19,DAY,OPEN
68,worker slipped on wet surface near loading bay.,PIPELINE 8,Samuel,PRODUCTION,MEDIUM,SLIP/FALL,2025-05-18,DAY,UNDER INVESTIGATION
69,routine valve maintenance completed without issues.,FLOW STATION,Paul,INSPECTION,LOW,MAINTENANCE,2025-09-02,DAY,RESOLVED
70,no report provided,LOADING BAY,Michael,PRODUCTION,MEDIUM,EQUIPMENT FAILURE,2025-01-10,NIGHT,UNDER INVESTIGATION
71,emergency shutdown activated after pressure surge.,REFINERY,Fatima,INSPECTION,HIGH,EQUIPMENT FAILURE,2025-03-04,DAY,OPEN
72,gas detector triggered alarm near compressor station.,MANIFOLD,Grace,HSE,HIGH,GAS DETECTION,2025-08-29,DAY,OPEN
73,sensor calibration completed successfully.,MANIFOLD,Chinedu,ELECTRICAL,LOW,INSPECTION,2025-09-27,NIGHT,UNDER INVESTIGATION
74,pump vibration exceeded acceptable threshold.,LOADING BAY,Michael,INSTRUMENTATION,MEDIUM,EQUIPMENT FAILURE,2025-02-04,NIGHT,UNDER INVESTIGATION
75,pump vibration exceeded acceptable threshold.,GAS PROCESSING UNIT,Paul,PIPELINE OPERATIONS,MEDIUM,EQUIPMENT FAILURE,2025-12-25,DAY,UNDER INVESTIGATION
76,gas detector triggered alarm near compressor station.,REFINERY,Ahmed,MAINTENANCE,HIGH,GAS DETECTION,2025-11-30,NIGHT,OPEN
77,small hydraulic fluid leak found beneath crane.,STORAGE TERMINAL,Ahmed,ELECTRICAL,MEDIUM,LEAK,2025-07-23,NIGHT,OPEN
78,corrosion observed on external pipeline coating.,PLATFORM A,Ahmed,UTILITIES,MEDIUM,CORROSION,2026-03-14,NIGHT,UNDER INVESTIGATION
79,emergency shutdown activated after pressure surge.,MANIFOLD,Mary,ELECTRICAL,HIGH,EQUIPMENT FAILURE,2025-06-17,NIGHT,OPEN
80,oil spill discovered near storage tank.,GAS PROCESSING UNIT,John,MAINTENANCE,HIGH,OIL SPILL,2025-07-17,NIGHT,CLOSED
81,gas detector triggered alarm near compressor station.,PIPELINE 12,Ahmed,PRODUCTION,HIGH,GAS DETECTION,2025-10-04,DAY,OPEN
82,pump vibration exceeded acceptable threshold.,PIPELINE 7,Blessing,HSE,MEDIUM,EQUIPMENT FAILURE,2026-01-05,DAY,UNDER INVESTIGATION
83,fire extinguisher inspection completed successfully.,PIPELINE 8,Chinedu,HSE,LOW,INSPECTION,2026-06-16,DAY,OPEN
84,smoke observed from electrical control panel.,TANK FARM,David,HSE,HIGH,ELECTRICAL,2026-03-27,DAY,OPEN
85,gas detector triggered alarm near compressor station.,CONTROL ROOM,Aisha,PRODUCTION,HIGH,GAS DETECTION,2026-03-28,NIGHT,UNDER INVESTIGATION
86,emergency shutdown activated after pressure surge.,PIPELINE 12,Paul,MAINTENANCE,HIGH,EQUIPMENT FAILURE,2026-02-01,DAY,RESOLVED
87,corrosion observed on external pipeline coating.,PLATFORM A,Blessing,PIPELINE OPERATIONS,MEDIUM,CORROSION,2026-03-04,DAY,OPEN
88,worker slipped on wet surface near loading bay.,UNKNOWN,David,INSTRUMENTATION,MEDIUM,SLIP/FALL,2025-06-22,NIGHT,UNDER INVESTIGATION
89,gas detector triggered alarm near compressor station.,CONTROL ROOM,John,PRODUCTION,HIGH,GAS DETECTION,2026-02-08,NIGHT,OPEN
90,emergency shutdown activated after pressure surge.,LOADING BAY,Mary,INSPECTION,HIGH,EQUIPMENT FAILURE,2025-11-14,NIGHT,UNDER INVESTIGATION
91,pressure leak detected on pipeline 7 during routine inspection.,LOADING BAY,UNKNOWN,HSE,HIGH,LEAK,2025-10-19,DAY,RESOLVED
92,corrosion observed on external pipeline coating.,WELLHEAD 12,John,INSTRUMENTATION,MEDIUM,CORROSION,2025-03-09,DAY,CLOSED
93,emergency shutdown activated after pressure surge.,PIPELINE 7,Mary,INSPECTION,HIGH,EQUIPMENT FAILURE,2025-03-06,NIGHT,CLOSED
94,fire extinguisher inspection completed successfully.,STORAGE TERMINAL,Ahmed,INSTRUMENTATION,LOW,INSPECTION,2026-01-09,DAY,CLOSED
95,gas detector triggered alarm near compressor station.,WELLHEAD 12,John,ELECTRICAL,HIGH,GAS DETECTION,2025-11-15,DAY,CLOSED
96,emergency shutdown activated after pressure surge.,PIPELINE 7,Michael,ELECTRICAL,HIGH,EQUIPMENT FAILURE,2025-04-11,DAY,RESOLVED
97,sensor calibration completed successfully.,GAS PROCESSING UNIT,Blessing,MECHANICAL,LOW,INSPECTION,2026-01-29,NIGHT,CLOSED
98,emergency shutdown activated after pressure surge.,LOADING BAY,Ibrahim,INSTRUMENTATION,HIGH,EQUIPMENT FAILURE,2025-04-17,DAY,OPEN
99,corrosion observed on external pipeline coating.,PIPELINE 12,Daniel,MAINTENANCE,MEDIUM,CORROSION,2025-11-06,NIGHT,RESOLVED
100,small hydraulic fluid leak found beneath crane.,PLATFORM B,David,INSTRUMENTATION,MEDIUM,LEAK,2025-07-08,DAY,OPEN
101,smoke observed from electrical control panel.,STORAGE TERMINAL,Chinedu,MAINTENANCE,HIGH,ELECTRICAL,2026-06-17,DAY,RESOLVED
102,smoke observed from electrical control panel.,LOADING BAY,Grace,ELECTRICAL,HIGH,ELECTRICAL,2026-06-17,DAY,UNDER INVESTIGATION
103,oil spill discovered near storage tank.,UNKNOWN,Joy,MECHANICAL,HIGH,OIL SPILL,2026-01-18,NIGHT,UNDER INVESTIGATION
104,corrosion observed on external pipeline coating.,PIPELINE 12,John,UTILITIES,MEDIUM,CORROSION,2025-02-23,DAY,RESOLVED
105,sensor calibration completed successfully.,TANK FARM,Joy,INSTRUMENTATION,LOW,INSPECTION,2025-07-01,DAY,OPEN
106,corrosion observed on external pipeline coating.,STORAGE TERMINAL,Ibrahim,MAINTENANCE,MEDIUM,CORROSION,2026-06-03,DAY,RESOLVED
107,smoke observed from electrical control panel.,COMPRESSOR STATION,Joy,INSPECTION,HIGH,ELECTRICAL,2026-06-22,NIGHT,UNDER INVESTIGATION
108,pump vibration exceeded acceptable threshold.,STORAGE TERMINAL,Daniel,INSTRUMENTATION,MEDIUM,EQUIPMENT FAILURE,2025-10-01,NIGHT,RESOLVED
109,worker slipped on wet surface near loading bay.,PLATFORM A,Aisha,PIPELINE OPERATIONS,MEDIUM,SLIP/FALL,2026-06-13,DAY,UNDER INVESTIGATION
110,smoke observed from electrical control panel.,PIPELINE 7,Michael,MAINTENANCE,HIGH,ELECTRICAL,2025-06-21,NIGHT,CLOSED
111,sensor calibration completed successfully.,COMPRESSOR STATION,Blessing,INSPECTION,LOW,INSPECTION,2026-06-05,DAY,RESOLVED
112,abnormal temperature recorded in processing unit.,LOADING BAY,John,MECHANICAL,MEDIUM,EQUIPMENT FAILURE,2025-06-09,NIGHT,UNDER INVESTIGATION
113,emergency shutdown activated after pressure surge.,COMPRESSOR STATION,Daniel,MECHANICAL,HIGH,EQUIPMENT FAILURE,2025-08-19,DAY,RESOLVED
114,small hydraulic fluid leak found beneath crane.,CONTROL ROOM,Blessing,MECHANICAL,MEDIUM,LEAK,2026-02-10,NIGHT,OPEN
115,emergency shutdown activated after pressure surge.,REFINERY,Paul,INSTRUMENTATION,HIGH,EQUIPMENT FAILURE,2025-04-01,NIGHT,RESOLVED
116,routine valve maintenance completed without issues.,PIPELINE 7,Aisha,PIPELINE OPERATIONS,LOW,MAINTENANCE,2025-12-28,NIGHT,UNDER INVESTIGATION
117,sensor calibration completed successfully.,PLATFORM A,Ahmed,ELECTRICAL,LOW,INSPECTION,2026-05-03,NIGHT,CLOSED
118,pressure leak detected on pipeline 7 during routine inspection.,PIPELINE 12,Michael,MECHANICAL,HIGH,LEAK,2026-05-03,NIGHT,RESOLVED
119,emergency shutdown activated after pressure surge.,UNKNOWN,John,UTILITIES,HIGH,EQUIPMENT FAILURE,2025-05-09,NIGHT,UNDER INVESTIGATION
120,abnormal temperature recorded in processing unit.,PLATFORM B,Daniel,PRODUCTION,MEDIUM,EQUIPMENT FAILURE,2025-12-21,DAY,OPEN
121,gas detector triggered alarm near compressor station.,COMPRESSOR STATION,Michael,ELECTRICAL,HIGH,GAS DETECTION,2025-01-11,NIGHT,RESOLVED
122,fire extinguisher inspection completed successfully.,GAS PROCESSING UNIT,Samuel,PRODUCTION,LOW,INSPECTION,2025-07-12,DAY,UNDER INVESTIGATION
123,corrosion observed on external pipeline coating.,TANK FARM,UNKNOWN,INSTRUMENTATION,MEDIUM,CORROSION,2026-05-16,DAY,RESOLVED
124,gas detector triggered alarm near compressor station.,TANK FARM,Mary,INSTRUMENTATION,HIGH,GAS DETECTION,2025-04-15,DAY,UNDER INVESTIGATION
125,gas detector triggered alarm near compressor station.,GAS PROCESSING UNIT,Aisha,UTILITIES,HIGH,GAS DETECTION,2025-06-29,DAY,OPEN
126,loose flange bolts discovered during maintenance.,PIPELINE 8,Ibrahim,MECHANICAL,MEDIUM,MECHANICAL,2025-06-29,NIGHT,OPEN
127,fire extinguisher inspection completed successfully.,PIPELINE 7,Aisha,HSE,LOW,INSPECTION,2026-06-04,NIGHT,RESOLVED
128,loose flange bolts discovered during maintenance.,CONTROL ROOM,Ahmed,UTILITIES,MEDIUM,MECHANICAL,2026-01-12,NIGHT,OPEN
129,pump vibration exceeded acceptable threshold.,STORAGE TERMINAL,Michael,PRODUCTION,MEDIUM,EQUIPMENT FAILURE,2025-01-28,NIGHT,RESOLVED
130,abnormal temperature recorded in processing unit.,TANK FARM,John,INSPECTION,MEDIUM,EQUIPMENT FAILURE,2025-10-21,NIGHT,UNDER INVESTIGATION
131,worker slipped on wet surface near loading bay.,TANK FARM,Chinedu,MECHANICAL,MEDIUM,SLIP/FALL,2026-01-05,DAY,OPEN
132,unauthorized personnel entered restricted area.,WELLHEAD 12,Paul,MAINTENANCE,HIGH,SECURITY,2025-08-01,NIGHT,CLOSED
133,small hydraulic fluid leak found beneath crane.,WELLHEAD 12,UNKNOWN,INSPECTION,MEDIUM,LEAK,2025-11-16,DAY,CLOSED
134,routine valve maintenance completed without issues.,WELLHEAD 12,Joy,UTILITIES,LOW,MAINTENANCE,2026-05-03,NIGHT,RESOLVED
135,sensor calibration completed successfully.,MANIFOLD,David,INSTRUMENTATION,LOW,INSPECTION,2025-10-28,DAY,RESOLVED
136,loose flange bolts discovered during maintenance.,WELLHEAD 12,Aisha,UTILITIES,MEDIUM,MECHANICAL,2026-01-27,DAY,CLOSED
137,sensor calibration completed successfully.,PIPELINE 7,Michael,INSTRUMENTATION,LOW,INSPECTION,2026-06-06,NIGHT,UNDER INVESTIGATION
138,no report provided,PLATFORM A,Joy,HSE,HIGH,SECURITY,2025-06-29,DAY,RESOLVED
139,sensor calibration completed successfully.,GAS PROCESSING UNIT,Aisha,INSTRUMENTATION,LOW,INSPECTION,2025-03-06,NIGHT,RESOLVED
140,small hydraulic fluid leak found beneath crane.,LOADING BAY,UNKNOWN,MAINTENANCE,MEDIUM,LEAK,2025-06-22,NIGHT,CLOSED
141,worker slipped on wet surface near loading bay.,FLOW STATION,David,INSTRUMENTATION,MEDIUM,SLIP/FALL,2025-06-08,DAY,RESOLVED
142,oil spill discovered near storage tank.,STORAGE TERMINAL,Grace,INSPECTION,HIGH,OIL SPILL,2025-10-31,DAY,OPEN
143,sensor calibration completed successfully.,CONTROL ROOM,David,INSPECTION,LOW,INSPECTION,2026-04-04,DAY,CLOSED
144,worker slipped on wet surface near loading bay.,FLOW STATION,Fatima,MAINTENANCE,MEDIUM,SLIP/FALL,2025-11-30,DAY,OPEN
145,corrosion observed on external pipeline coating.,PIPELINE 7,Fatima,INSPECTION,MEDIUM,CORROSION,2025-11-30,DAY,RESOLVED
146,fire extinguisher inspection completed successfully.,PIPELINE 12,Aisha,ELECTRICAL,LOW,INSPECTION,2026-06-21,DAY,CLOSED
147,emergency shutdown activated after pressure surge.,PIPELINE 8,Ibrahim,MAINTENANCE,HIGH,EQUIPMENT FAILURE,2025-09-01,NIGHT,CLOSED
148,routine valve maintenance completed without issues.,FLOW STATION,Michael,UTILITIES,LOW,MAINTENANCE,2026-02-14,DAY,RESOLVED
149,oil spill discovered near storage tank.,REFINERY,Ibrahim,MAINTENANCE,HIGH,OIL SPILL,2025-05-28,DAY,CLOSED
150,oil spill discovered near storage tank.,GAS PROCESSING UNIT,Daniel,MECHANICAL,HIGH,OIL SPILL,2026-06-02,DAY,CLOSED
151,worker slipped on wet surface near loading bay.,COMPRESSOR STATION,Michael,INSPECTION,MEDIUM,SLIP/FALL,2026-05-26,DAY,OPEN
152,oil spill discovered near storage tank.,LOADING BAY,Michael,PIPELINE OPERATIONS,HIGH,OIL SPILL,2026-05-26,NIGHT,CLOSED
153,abnormal temperature recorded in processing unit.,LOADING BAY,Joy,INSPECTION,MEDIUM,EQUIPMENT FAILURE,2026-03-19,DAY,UNDER INVESTIGATION
154,oil spill discovered near storage tank.,COMPRESSOR STATION,David,HSE,HIGH,OIL SPILL,2025-08-30,DAY,CLOSED
155,corrosion observed on external pipeline coating.,PIPELINE 7,Daniel,PRODUCTION,MEDIUM,CORROSION,2026-02-24,NIGHT,RESOLVED
156,gas detector triggered alarm near compressor station.,PIPELINE 12,Samuel,UTILITIES,HIGH,GAS DETECTION,2026-06-01,DAY,RESOLVED
157,abnormal temperature recorded in processing unit.,PLATFORM B,Aisha,MECHANICAL,MEDIUM,EQUIPMENT FAILURE,2025-01-25,DAY,UNDER INVESTIGATION
158,pump vibration exceeded acceptable threshold.,PIPELINE 12,Samuel,MECHANICAL,MEDIUM,EQUIPMENT FAILURE,2025-01-25,DAY,RESOLVED
159,routine valve maintenance completed without issues.,TANK FARM,Fatima,PRODUCTION,LOW,MAINTENANCE,2025-08-25,NIGHT,UNDER INVESTIGATION
160,oil spill discovered near storage tank.,STORAGE TERMINAL,Mary,PRODUCTION,HIGH,OIL SPILL,2025-04-16,DAY,UNDER INVESTIGATION
161,pump vibration exceeded acceptable threshold.,CONTROL ROOM,Samuel,MECHANICAL,MEDIUM,EQUIPMENT FAILURE,2026-02-01,DAY,CLOSED
162,corrosion observed on external pipeline coating.,PIPELINE 12,Daniel,UTILITIES,MEDIUM,CORROSION,2025-07-31,NIGHT,CLOSED
163,loose flange bolts discovered during maintenance.,FLOW STATION,Daniel,ELECTRICAL,MEDIUM,MECHANICAL,2025-09-07,NIGHT,UNDER INVESTIGATION
164,fire extinguisher inspection completed successfully.,PIPELINE 12,David,UTILITIES,LOW,INSPECTION,2026-02-09,NIGHT,OPEN
165,small hydraulic fluid leak found beneath crane.,MANIFOLD,Grace,MECHANICAL,MEDIUM,LEAK,2025-08-19,DAY,CLOSED
166,no report provided,TANK FARM,Samuel,UTILITIES,HIGH,SECURITY,2025-01-04,NIGHT,UNDER INVESTIGATION
167,routine valve maintenance completed without issues.,LOADING BAY,John,INSPECTION,LOW,MAINTENANCE,2025-01-24,NIGHT,CLOSED
168,sensor calibration completed successfully.,PLATFORM B,Michael,MECHANICAL,LOW,INSPECTION,2025-07-06,DAY,CLOSED
169,abnormal temperature recorded in processing unit.,PIPELINE 12,Michael,HSE,MEDIUM,EQUIPMENT FAILURE,2026-02-15,NIGHT,OPEN
170,fire extinguisher inspection completed successfully.,STORAGE TERMINAL,Ibrahim,HSE,LOW,INSPECTION,2025-11-29,DAY,OPEN
171,corrosion observed on external pipeline coating.,GAS PROCESSING UNIT,Joy,MECHANICAL,MEDIUM,CORROSION,2025-11-06,DAY,UNDER INVESTIGATION
172,worker slipped on wet surface near loading bay.,REFINERY,David,MECHANICAL,MEDIUM,SLIP/FALL,2026-05-08,DAY,OPEN
173,corrosion observed on external pipeline coating.,PIPELINE 12,Samuel,INSTRUMENTATION,MEDIUM,CORROSION,2025-08-23,DAY,RESOLVED
174,pressure leak detected on pipeline 7 during routine inspection.,MANIFOLD,Paul,UTILITIES,HIGH,LEAK,2025-05-15,DAY,CLOSED
175,pressure leak detected on pipeline 7 during routine inspection.,GAS PROCESSING UNIT,Aisha,PRODUCTION,HIGH,LEAK,2026-06-07,NIGHT,RESOLVED
176,oil spill discovered near storage tank.,LOADING BAY,Blessing,INSPECTION,HIGH,OIL SPILL,2025-11-29,NIGHT,CLOSED
177,abnormal temperature recorded in processing unit.,STORAGE TERMINAL,Grace,INSPECTION,MEDIUM,EQUIPMENT FAILURE,2025-02-05,DAY,UNDER INVESTIGATION
178,oil spill discovered near storage tank.,CONTROL ROOM,Samuel,HSE,HIGH,OIL SPILL,2025-05-21,NIGHT,UNDER INVESTIGATION
179,worker slipped on wet surface near loading bay.,PLATFORM A,Michael,PRODUCTION,MEDIUM,SLIP/FALL,2026-01-17,DAY,UNDER INVESTIGATION
180,no report provided,STORAGE TERMINAL,Samuel,PIPELINE OPERATIONS,HIGH,GAS DETECTION,2025-01-22,NIGHT,OPEN
181,emergency shutdown activated after pressure surge.,STORAGE TERMINAL,Ibrahim,UTILITIES,HIGH,EQUIPMENT FAILURE,2025-04-19,DAY,CLOSED
182,loose flange bolts discovered during maintenance.,FLOW STATION,Paul,HSE,MEDIUM,MECHANICAL,2026-02-26,DAY,RESOLVED
183,unauthorized personnel entered restricted area.,LOADING BAY,David,INSPECTION,HIGH,SECURITY,2025-12-05,NIGHT,RESOLVED
184,unauthorized personnel entered restricted area.,GAS PROCESSING UNIT,Joy,HSE,HIGH,SECURITY,2026-05-13,NIGHT,UNDER INVESTIGATION
185,worker slipped on wet surface near loading bay.,WELLHEAD 12,Samuel,ELECTRICAL,MEDIUM,SLIP/FALL,2025-03-08,DAY,CLOSED
186,emergency shutdown activated after pressure surge.,REFINERY,Ahmed,PIPELINE OPERATIONS,HIGH,EQUIPMENT FAILURE,2026-01-05,NIGHT,RESOLVED
187,emergency shutdown activated after pressure surge.,PLATFORM A,Grace,UTILITIES,HIGH,EQUIPMENT FAILURE,2025-01-26,DAY,CLOSED
188,no report provided,CONTROL ROOM,Chinedu,MAINTENANCE,MEDIUM,SLIP/FALL,2025-09-26,DAY,RESOLVED
189,worker slipped on wet surface near loading bay.,MANIFOLD,Chinedu,ELECTRICAL,MEDIUM,SLIP/FALL,2026-01-27,NIGHT,CLOSED
190,smoke observed from electrical control panel.,PIPELINE 7,Aisha,INSPECTION,HIGH,ELECTRICAL,2025-06-13,DAY,OPEN
191,loose flange bolts discovered during maintenance.,WELLHEAD 12,Fatima,UTILITIES,MEDIUM,MECHANICAL,2025-07-28,NIGHT,RESOLVED
192,abnormal temperature recorded in processing unit.,MANIFOLD,Aisha,ELECTRICAL,MEDIUM,EQUIPMENT FAILURE,2025-11-15,NIGHT,CLOSED
193,loose flange bolts discovered during maintenance.,STORAGE TERMINAL,Ibrahim,MAINTENANCE,MEDIUM,MECHANICAL,2025-12-02,DAY,UNDER INVESTIGATION
194,abnormal temperature recorded in processing unit.,GAS PROCESSING UNIT,Chinedu,PIPELINE OPERATIONS,MEDIUM,EQUIPMENT FAILURE,2025-12-02,NIGHT,UNDER INVESTIGATION
195,sensor calibration completed successfully.,WELLHEAD 12,Joy,PRODUCTION,LOW,INSPECTION,2025-01-19,NIGHT,OPEN
196,unauthorized personnel entered restricted area.,MANIFOLD,Ahmed,PIPELINE OPERATIONS,HIGH,SECURITY,2026-02-16,DAY,CLOSED
197,small hydraulic fluid leak found beneath crane.,PIPELINE 8,Michael,UTILITIES,MEDIUM,LEAK,2025-07-14,NIGHT,CLOSED
198,corrosion observed on external pipeline coating.,FLOW STATION,Grace,MECHANICAL,MEDIUM,CORROSION,2025-01-24,DAY,OPEN
199,abnormal temperature recorded in processing unit.,PLATFORM A,Samuel,UTILITIES,MEDIUM,EQUIPMENT FAILURE,2025-01-24,DAY,RESOLVED
200,no report provided,WELLHEAD 12,Chinedu,INSPECTION,MEDIUM,LEAK,2025-01-24,NIGHT,OPEN
201,routine valve maintenance completed without issues.,PIPELINE 8,Daniel,UTILITIES,LOW,MAINTENANCE,2025-03-16,DAY,RESOLVED
202,unauthorized personnel entered restricted area.,COMPRESSOR STATION,Grace,ELECTRICAL,HIGH,SECURITY,2025-05-24,DAY,CLOSED
203,no report provided,PIPELINE 12,Aisha,HSE,MEDIUM,CORROSION,2025-11-10,DAY,CLOSED
204,corrosion observed on external pipeline coating.,PIPELINE 7,Daniel,HSE,MEDIUM,CORROSION,2026-01-17,NIGHT,OPEN
205,corrosion observed on external pipeline coating.,COMPRESSOR STATION,Blessing,HSE,MEDIUM,CORROSION,2025-01-15,DAY,UNDER INVESTIGATION
206,gas detector triggered alarm near compressor station.,FLOW STATION,Daniel,ELECTRICAL,HIGH,GAS DETECTION,2026-06-13,NIGHT,CLOSED
207,pump vibration exceeded acceptable threshold.,CONTROL ROOM,Fatima,MECHANICAL,MEDIUM,EQUIPMENT FAILURE,2025-08-03,NIGHT,RESOLVED
208,pressure leak detected on pipeline 7 during routine inspection.,PIPELINE 8,Joy,PIPELINE OPERATIONS,HIGH,LEAK,2025-04-21,DAY,RESOLVED
209,fire extinguisher inspection completed successfully.,PLATFORM A,Mary,ELECTRICAL,LOW,INSPECTION,2025-01-11,DAY,UNDER INVESTIGATION
210,small hydraulic fluid leak found beneath crane.,MANIFOLD,Michael,MAINTENANCE,MEDIUM,LEAK,2025-06-17,NIGHT,UNDER INVESTIGATION
211,gas detector triggered alarm near compressor station.,MANIFOLD,Paul,MECHANICAL,HIGH,GAS DETECTION,2025-01-19,DAY,UNDER INVESTIGATION
212,no report provided,COMPRESSOR STATION,Aisha,HSE,MEDIUM,MECHANICAL,2026-02-25,NIGHT,UNDER INVESTIGATION
213,gas detector triggered alarm near compressor station.,PIPELINE 12,Samuel,MAINTENANCE,HIGH,GAS DETECTION,2025-11-13,NIGHT,RESOLVED
214,emergency shutdown activated after pressure surge.,LOADING BAY,Paul,HSE,HIGH,EQUIPMENT FAILURE,2025-06-23,DAY,CLOSED
215,sensor calibration completed successfully.,LOADING BAY,Samuel,UTILITIES,LOW,INSPECTION,2025-03-15,DAY,RESOLVED
216,smoke observed from electrical control panel.,CONTROL ROOM,Grace,MECHANICAL,HIGH,ELECTRICAL,2026-02-09,DAY,RESOLVED
217,no report provided,TANK FARM,Mary,ELECTRICAL,HIGH,OIL SPILL,2025-10-15,DAY,OPEN
218,routine valve maintenance completed without issues.,LOADING BAY,Michael,MAINTENANCE,LOW,MAINTENANCE,2026-05-07,NIGHT,CLOSED
219,emergency shutdown activated after pressure surge.,WELLHEAD 12,Ahmed,PRODUCTION,HIGH,EQUIPMENT FAILURE,2025-10-08,DAY,CLOSED
220,gas detector triggered alarm near compressor station.,PIPELINE 8,Chinedu,HSE,HIGH,GAS DETECTION,2025-12-12,DAY,UNDER INVESTIGATION
221,smoke observed from electrical control panel.,LOADING BAY,Ibrahim,HSE,HIGH,ELECTRICAL,2025-03-22,DAY,OPEN
222,smoke observed from electrical control panel.,COMPRESSOR STATION,UNKNOWN,UTILITIES,HIGH,ELECTRICAL,2026-03-12,DAY,UNDER INVESTIGATION
223,loose flange bolts discovered during maintenance.,CONTROL ROOM,Grace,HSE,MEDIUM,MECHANICAL,2026-04-18,DAY,RESOLVED
224,gas detector triggered alarm near compressor station.,PLATFORM A,Grace,MAINTENANCE,HIGH,GAS DETECTION,2026-06-09,NIGHT,CLOSED
225,pump vibration exceeded acceptable threshold.,PIPELINE 12,David,PRODUCTION,MEDIUM,EQUIPMENT FAILURE,2026-02-18,NIGHT,CLOSED
226,fire extinguisher inspection completed successfully.,GAS PROCESSING UNIT,Paul,MECHANICAL,LOW,INSPECTION,2025-06-12,DAY,UNDER INVESTIGATION
227,abnormal temperature recorded in processing unit.,STORAGE TERMINAL,John,INSPECTION,MEDIUM,EQUIPMENT FAILURE,2026-03-25,NIGHT,CLOSED
228,loose flange bolts discovered during maintenance.,PLATFORM B,David,HSE,MEDIUM,MECHANICAL,2025-02-27,DAY,RESOLVED
229,corrosion observed on external pipeline coating.,PIPELINE 7,Paul,PIPELINE OPERATIONS,MEDIUM,CORROSION,2026-01-09,NIGHT,CLOSED
230,smoke observed from electrical control panel.,REFINERY,Blessing,PRODUCTION,HIGH,ELECTRICAL,2025-07-18,NIGHT,CLOSED
231,pressure leak detected on pipeline 7 during routine inspection.,CONTROL ROOM,Mary,MAINTENANCE,HIGH,LEAK,2025-05-06,DAY,CLOSED
232,sensor calibration completed successfully.,COMPRESSOR STATION,Paul,ELECTRICAL,LOW,INSPECTION,2026-06-15,DAY,OPEN
233,smoke observed from electrical control panel.,PIPELINE 8,Grace,MECHANICAL,HIGH,ELECTRICAL,2026-05-06,NIGHT,CLOSED
234,small hydraulic fluid leak found beneath crane.,REFINERY,Paul,MECHANICAL,MEDIUM,LEAK,2025-04-07,DAY,UNDER INVESTIGATION
235,corrosion observed on external pipeline coating.,MANIFOLD,Daniel,INSTRUMENTATION,MEDIUM,CORROSION,2025-12-18,DAY,CLOSED
236,worker slipped on wet surface near loading bay.,PLATFORM A,Blessing,HSE,MEDIUM,SLIP/FALL,2025-07-02,NIGHT,OPEN
237,fire extinguisher inspection completed successfully.,CONTROL ROOM,Michael,UTILITIES,LOW,INSPECTION,2026-05-24,NIGHT,UNDER INVESTIGATION
238,loose flange bolts discovered during maintenance.,PIPELINE 12,Joy,PRODUCTION,MEDIUM,MECHANICAL,2025-08-20,NIGHT,UNDER INVESTIGATION
239,smoke observed from electrical control panel.,PIPELINE 8,Blessing,INSPECTION,HIGH,ELECTRICAL,2026-01-16,DAY,CLOSED
240,oil spill discovered near storage tank.,WELLHEAD 12,Daniel,INSTRUMENTATION,HIGH,OIL SPILL,2025-02-06,NIGHT,RESOLVED
241,corrosion observed on external pipeline coating.,UNKNOWN,Paul,INSTRUMENTATION,MEDIUM,CORROSION,2025-05-04,NIGHT,UNDER INVESTIGATION
242,gas detector triggered alarm near compressor station.,LOADING BAY,Grace,INSPECTION,HIGH,GAS DETECTION,2025-02-15,DAY,CLOSED
243,worker slipped on wet surface near loading bay.,PLATFORM B,UNKNOWN,HSE,MEDIUM,SLIP/FALL,2025-07-11,DAY,OPEN
244,oil spill discovered near storage tank.,COMPRESSOR STATION,David,INSTRUMENTATION,HIGH,OIL SPILL,2025-03-25,DAY,UNDER INVESTIGATION
245,emergency shutdown activated after pressure surge.,REFINERY,Ibrahim,UTILITIES,HIGH,EQUIPMENT FAILURE,2025-11-14,NIGHT,RESOLVED
246,fire extinguisher inspection completed successfully.,PIPELINE 12,Ahmed,MAINTENANCE,LOW,INSPECTION,2025-04-05,NIGHT,OPEN
247,pump vibration exceeded acceptable threshold.,PLATFORM A,Blessing,PIPELINE OPERATIONS,MEDIUM,EQUIPMENT FAILURE,2025-01-06,NIGHT,CLOSED
248,unauthorized personnel entered restricted area.,LOADING BAY,Blessing,PRODUCTION,HIGH,SECURITY,2025-08-16,NIGHT,UNDER INVESTIGATION
249,unauthorized personnel entered restricted area.,FLOW STATION,David,MAINTENANCE,HIGH,SECURITY,2025-11-12,DAY,RESOLVED
250,loose flange bolts discovered during maintenance.,COMPRESSOR STATION,John,HSE,MEDIUM,MECHANICAL,2025-10-22,NIGHT,RESOLVED
251,no report provided,LOADING BAY,Aisha,ELECTRICAL,HIGH,LEAK,2025-03-03,NIGHT,OPEN
252,oil spill discovered near storage tank.,MANIFOLD,Aisha,ELECTRICAL,HIGH,OIL SPILL,2025-08-11,DAY,RESOLVED
253,abnormal temperature recorded in processing unit.,PIPELINE 7,Michael,HSE,MEDIUM,EQUIPMENT FAILURE,2025-09-29,NIGHT,RESOLVED
254,oil spill discovered near storage tank.,STORAGE TERMINAL,Michael,ELECTRICAL,HIGH,OIL SPILL,2025-07-14,DAY,RESOLVED
255,fire extinguisher inspection completed successfully.,PLATFORM A,John,MAINTENANCE,LOW,INSPECTION,2025-10-04,NIGHT,RESOLVED
256,pressure leak detected on pipeline 7 during routine inspection.,TANK FARM,David,ELECTRICAL,HIGH,LEAK,2025-02-02,DAY,RESOLVED
257,no report provided,MANIFOLD,Daniel,UTILITIES,MEDIUM,SLIP/FALL,2025-12-31,NIGHT,UNDER INVESTIGATION
258,loose flange bolts discovered during maintenance.,COMPRESSOR STATION,Fatima,PIPELINE OPERATIONS,MEDIUM,MECHANICAL,2025-04-29,DAY,UNDER INVESTIGATION
259,oil spill discovered near storage tank.,PLATFORM A,Mary,UTILITIES,HIGH,OIL SPILL,2025-09-13,NIGHT,UNDER INVESTIGATION
260,small hydraulic fluid leak found beneath crane.,COMPRESSOR STATION,Joy,ELECTRICAL,MEDIUM,LEAK,2025-08-19,NIGHT,RESOLVED
261,no report provided,STORAGE TERMINAL,Fatima,INSTRUMENTATION,LOW,INSPECTION,2025-12-31,NIGHT,RESOLVED
262,loose flange bolts discovered during maintenance.,PIPELINE 7,Chinedu,PRODUCTION,MEDIUM,MECHANICAL,2026-01-24,DAY,UNDER INVESTIGATION
263,smoke observed from electrical control panel.,MANIFOLD,Samuel,PRODUCTION,HIGH,ELECTRICAL,2025-10-08,NIGHT,OPEN
264,gas detector triggered alarm near compressor station.,PIPELINE 12,Samuel,UTILITIES,HIGH,GAS DETECTION,2025-05-28,NIGHT,OPEN
265,emergency shutdown activated after pressure surge.,FLOW STATION,Daniel,INSPECTION,HIGH,EQUIPMENT FAILURE,2025-12-31,DAY,RESOLVED
266,gas detector triggered alarm near compressor station.,MANIFOLD,Daniel,INSTRUMENTATION,HIGH,GAS DETECTION,2025-02-25,NIGHT,CLOSED
267,abnormal temperature recorded in processing unit.,MANIFOLD,Blessing,INSPECTION,MEDIUM,EQUIPMENT FAILURE,2025-02-25,DAY,CLOSED
268,worker slipped on wet surface near loading bay.,PIPELINE 7,Daniel,PIPELINE OPERATIONS,MEDIUM,SLIP/FALL,2025-06-11,DAY,CLOSED
269,pump vibration exceeded acceptable threshold.,PIPELINE 7,Mary,INSPECTION,MEDIUM,EQUIPMENT FAILURE,2026-05-05,NIGHT,UNDER INVESTIGATION
270,worker slipped on wet surface near loading bay.,TANK FARM,John,MAINTENANCE,MEDIUM,SLIP/FALL,2026-03-16,DAY,OPEN
271,loose flange bolts discovered during maintenance.,PLATFORM B,Chinedu,PRODUCTION,MEDIUM,MECHANICAL,2025-03-10,DAY,OPEN
272,pump vibration exceeded acceptable threshold.,PIPELINE 12,Daniel,MECHANICAL,MEDIUM,EQUIPMENT FAILURE,2026-06-21,NIGHT,RESOLVED
273,no report provided,UNKNOWN,Grace,PRODUCTION,HIGH,LEAK,2025-06-20,DAY,RESOLVED
274,sensor calibration completed successfully.,CONTROL ROOM,Blessing,INSPECTION,LOW,INSPECTION,2025-08-03,DAY,UNDER INVESTIGATION
275,unauthorized personnel entered restricted area.,PIPELINE 7,Ibrahim,MECHANICAL,HIGH,SECURITY,2026-04-16,NIGHT,UNDER INVESTIGATION
276,gas detector triggered alarm near compressor station.,PIPELINE 12,Ibrahim,MECHANICAL,HIGH,GAS DETECTION,2025-08-29,DAY,RESOLVED
277,pump vibration exceeded acceptable threshold.,COMPRESSOR STATION,Grace,INSTRUMENTATION,MEDIUM,EQUIPMENT FAILURE,2025-12-01,NIGHT,CLOSED
278,pump vibration exceeded acceptable threshold.,PIPELINE 8,Daniel,PIPELINE OPERATIONS,MEDIUM,EQUIPMENT FAILURE,2026-01-26,DAY,RESOLVED
279,abnormal temperature recorded in processing unit.,PLATFORM B,Mary,UTILITIES,MEDIUM,EQUIPMENT FAILURE,2025-11-21,NIGHT,OPEN
280,abnormal temperature recorded in processing unit.,TANK FARM,Blessing,PIPELINE OPERATIONS,MEDIUM,EQUIPMENT FAILURE,2025-07-08,NIGHT,RESOLVED
281,small hydraulic fluid leak found beneath crane.,GAS PROCESSING UNIT,Ibrahim,MECHANICAL,MEDIUM,LEAK,2026-06-20,NIGHT,UNDER INVESTIGATION
282,sensor calibration completed successfully.,FLOW STATION,Fatima,ELECTRICAL,LOW,INSPECTION,2026-05-11,DAY,RESOLVED
283,pump vibration exceeded acceptable threshold.,LOADING BAY,Ibrahim,PRODUCTION,MEDIUM,EQUIPMENT FAILURE,2025-10-10,NIGHT,CLOSED
284,corrosion observed on external pipeline coating.,FLOW STATION,Aisha,INSPECTION,MEDIUM,CORROSION,2025-12-16,NIGHT,OPEN
285,routine valve maintenance completed without issues.,FLOW STATION,Michael,MECHANICAL,LOW,MAINTENANCE,2025-12-07,DAY,OPEN
286,routine valve maintenance completed without issues.,PIPELINE 7,David,PRODUCTION,LOW,MAINTENANCE,2026-02-12,DAY,UNDER INVESTIGATION
287,worker slipped on wet surface near loading bay.,MANIFOLD,David,MAINTENANCE,MEDIUM,SLIP/FALL,2025-04-17,DAY,OPEN
288,pump vibration exceeded acceptable threshold.,MANIFOLD,Fatima,ELECTRICAL,MEDIUM,EQUIPMENT FAILURE,2025-07-16,NIGHT,RESOLVED
289,oil spill discovered near storage tank.,MANIFOLD,Grace,ELECTRICAL,HIGH,OIL SPILL,2025-07-16,NIGHT,UNDER INVESTIGATION
290,worker slipped on wet surface near loading bay.,FLOW STATION,Joy,INSTRUMENTATION,MEDIUM,SLIP/FALL,2025-10-06,DAY,OPEN
291,gas detector triggered alarm near compressor station.,PLATFORM A,Chinedu,MECHANICAL,HIGH,GAS DETECTION,2025-02-24,DAY,CLOSED
292,fire extinguisher inspection completed successfully.,LOADING BAY,Blessing,PRODUCTION,LOW,INSPECTION,2025-11-24,NIGHT,OPEN
293,oil spill discovered near storage tank.,PIPELINE 7,John,ELECTRICAL,HIGH,OIL SPILL,2025-07-18,DAY,UNDER INVESTIGATION
294,emergency shutdown activated after pressure surge.,MANIFOLD,Mary,HSE,HIGH,EQUIPMENT FAILURE,2026-01-18,NIGHT,UNDER INVESTIGATION
295,fire extinguisher inspection completed successfully.,STORAGE TERMINAL,Samuel,HSE,LOW,INSPECTION,2026-06-15,DAY,OPEN
296,sensor calibration completed successfully.,REFINERY,David,PIPELINE OPERATIONS,LOW,INSPECTION,2025-07-25,NIGHT,RESOLVED
297,worker slipped on wet surface near loading bay.,TANK FARM,Fatima,INSTRUMENTATION,MEDIUM,SLIP/FALL,2025-05-16,DAY,CLOSED
298,unauthorized personnel entered restricted area.,TANK FARM,David,INSPECTION,HIGH,SECURITY,2026-02-28,NIGHT,UNDER INVESTIGATION
299,loose flange bolts discovered during maintenance.,CONTROL ROOM,Mary,ELECTRICAL,MEDIUM,MECHANICAL,2026-06-13,NIGHT,UNDER INVESTIGATION
300,loose flange bolts discovered during maintenance.,TANK FARM,Joy,ELECTRICAL,MEDIUM,MECHANICAL,2025-09-05,DAY,UNDER INVESTIGATION
301,emergency shutdown activated after pressure surge.,PIPELINE 7,Michael,MECHANICAL,HIGH,EQUIPMENT FAILURE,2025-09-05,DAY,OPEN
302,gas detector triggered alarm near compressor station.,CONTROL ROOM,Michael,INSPECTION,HIGH,GAS DETECTION,2025-08-17,NIGHT,CLOSED
303,gas detector triggered alarm near compressor station.,FLOW STATION,Blessing,INSPECTION,HIGH,GAS DETECTION,2025-08-17,DAY,OPEN
304,unauthorized personnel entered restricted area.,COMPRESSOR STATION,Joy,MAINTENANCE,HIGH,SECURITY,2025-06-25,DAY,RESOLVED
305,emergency shutdown activated after pressure surge.,STORAGE TERMINAL,Grace,INSPECTION,HIGH,EQUIPMENT FAILURE,2026-05-24,DAY,OPEN
306,smoke observed from electrical control panel.,PIPELINE 8,Samuel,UTILITIES,HIGH,ELECTRICAL,2025-09-04,DAY,RESOLVED
307,loose flange bolts discovered during maintenance.,REFINERY,Fatima,UTILITIES,MEDIUM,MECHANICAL,2025-02-08,DAY,OPEN
308,emergency shutdown activated after pressure surge.,MANIFOLD,Mary,HSE,HIGH,EQUIPMENT FAILURE,2025-02-08,NIGHT,OPEN
309,smoke observed from electrical control panel.,WELLHEAD 12,Ahmed,ELECTRICAL,HIGH,ELECTRICAL,2025-12-02,NIGHT,OPEN
310,pump vibration exceeded acceptable threshold.,TANK FARM,Grace,MECHANICAL,MEDIUM,EQUIPMENT FAILURE,2025-09-24,NIGHT,CLOSED
311,pressure leak detected on pipeline 7 during routine inspection.,REFINERY,Ahmed,PIPELINE OPERATIONS,HIGH,LEAK,2025-06-28,NIGHT,OPEN
312,routine valve maintenance completed without issues.,GAS PROCESSING UNIT,Daniel,MECHANICAL,LOW,MAINTENANCE,2026-06-10,DAY,RESOLVED
313,emergency shutdown activated after pressure surge.,FLOW STATION,Ibrahim,UTILITIES,HIGH,EQUIPMENT FAILURE,2026-05-02,NIGHT,UNDER INVESTIGATION
314,pump vibration exceeded acceptable threshold.,GAS PROCESSING UNIT,Chinedu,HSE,MEDIUM,EQUIPMENT FAILURE,2026-06-25,NIGHT,UNDER INVESTIGATION
315,no report provided,PLATFORM B,Paul,INSTRUMENTATION,MEDIUM,EQUIPMENT FAILURE,2025-07-21,DAY,OPEN
316,small hydraulic fluid leak found beneath crane.,PIPELINE 12,Blessing,UTILITIES,MEDIUM,LEAK,2025-04-10,NIGHT,UNDER INVESTIGATION
317,loose flange bolts discovered during maintenance.,PIPELINE 8,David,UTILITIES,MEDIUM,MECHANICAL,2025-04-16,NIGHT,CLOSED
318,sensor calibration completed successfully.,COMPRESSOR STATION,David,UTILITIES,LOW,INSPECTION,2025-01-05,NIGHT,UNDER INVESTIGATION
319,gas detector triggered alarm near compressor station.,COMPRESSOR STATION,Joy,UTILITIES,HIGH,GAS DETECTION,2025-01-05,NIGHT,OPEN
320,loose flange bolts discovered during maintenance.,PIPELINE 7,Ahmed,INSTRUMENTATION,MEDIUM,MECHANICAL,2025-03-30,NIGHT,CLOSED
321,emergency shutdown activated after pressure surge.,PIPELINE 12,Chinedu,INSPECTION,HIGH,EQUIPMENT FAILURE,2025-09-17,NIGHT,OPEN
322,small hydraulic fluid leak found beneath crane.,TANK FARM,Joy,PIPELINE OPERATIONS,MEDIUM,LEAK,2025-01-03,NIGHT,UNDER INVESTIGATION
323,routine valve maintenance completed without issues.,LOADING BAY,Aisha,MECHANICAL,LOW,MAINTENANCE,2025-08-09,NIGHT,CLOSED
324,pump vibration exceeded acceptable threshold.,PIPELINE 8,Daniel,HSE,MEDIUM,EQUIPMENT FAILURE,2025-08-09,NIGHT,CLOSED
325,oil spill discovered near storage tank.,LOADING BAY,Michael,PRODUCTION,HIGH,OIL SPILL,2026-01-17,NIGHT,UNDER INVESTIGATION
326,unauthorized personnel entered restricted area.,GAS PROCESSING UNIT,David,INSPECTION,HIGH,SECURITY,2025-11-22,DAY,CLOSED
327,routine valve maintenance completed without issues.,GAS PROCESSING UNIT,UNKNOWN,HSE,LOW,MAINTENANCE,2025-05-28,DAY,RESOLVED
328,gas detector triggered alarm near compressor station.,WELLHEAD 12,Aisha,INSPECTION,HIGH,GAS DETECTION,2026-04-28,NIGHT,OPEN
329,gas detector triggered alarm near compressor station.,PLATFORM A,Paul,HSE,HIGH,GAS DETECTION,2025-12-22,NIGHT,OPEN
330,abnormal temperature recorded in processing unit.,PLATFORM A,Ibrahim,MECHANICAL,MEDIUM,EQUIPMENT FAILURE,2026-05-13,NIGHT,CLOSED
331,fire extinguisher inspection completed successfully.,CONTROL ROOM,UNKNOWN,UTILITIES,LOW,INSPECTION,2026-03-23,NIGHT,OPEN
332,small hydraulic fluid leak found beneath crane.,REFINERY,Samuel,HSE,MEDIUM,LEAK,2025-08-13,DAY,RESOLVED
333,emergency shutdown activated after pressure surge.,COMPRESSOR STATION,Samuel,ELECTRICAL,HIGH,EQUIPMENT FAILURE,2026-05-23,NIGHT,OPEN
334,routine valve maintenance completed without issues.,COMPRESSOR STATION,Chinedu,ELECTRICAL,LOW,MAINTENANCE,2025-10-22,NIGHT,OPEN
335,pump vibration exceeded acceptable threshold.,REFINERY,Aisha,HSE,MEDIUM,EQUIPMENT FAILURE,2025-02-07,DAY,OPEN
336,emergency shutdown activated after pressure surge.,GAS PROCESSING UNIT,Aisha,HSE,HIGH,EQUIPMENT FAILURE,2025-09-08,DAY,OPEN
337,worker slipped on wet surface near loading bay.,STORAGE TERMINAL,Blessing,ELECTRICAL,MEDIUM,SLIP/FALL,2025-02-25,DAY,RESOLVED
338,emergency shutdown activated after pressure surge.,PIPELINE 8,Samuel,UTILITIES,HIGH,EQUIPMENT FAILURE,2025-04-23,DAY,UNDER INVESTIGATION
339,routine valve maintenance completed without issues.,MANIFOLD,Michael,PRODUCTION,LOW,MAINTENANCE,2025-03-19,DAY,OPEN
340,small hydraulic fluid leak found beneath crane.,TANK FARM,Ahmed,MAINTENANCE,MEDIUM,LEAK,2025-03-19,NIGHT,OPEN
341,corrosion observed on external pipeline coating.,TANK FARM,Aisha,HSE,MEDIUM,CORROSION,2026-05-25,DAY,OPEN
342,corrosion observed on external pipeline coating.,LOADING BAY,Chinedu,UTILITIES,MEDIUM,CORROSION,2026-02-10,NIGHT,RESOLVED
343,smoke observed from electrical control panel.,PLATFORM A,Joy,PRODUCTION,HIGH,ELECTRICAL,2025-10-30,DAY,CLOSED
344,unauthorized personnel entered restricted area.,PLATFORM A,David,PRODUCTION,HIGH,SECURITY,2025-05-24,DAY,RESOLVED
345,fire extinguisher inspection completed successfully.,GAS PROCESSING UNIT,Joy,INSTRUMENTATION,LOW,INSPECTION,2025-06-03,NIGHT,UNDER INVESTIGATION
346,pump vibration exceeded acceptable threshold.,REFINERY,Chinedu,UTILITIES,MEDIUM,EQUIPMENT FAILURE,2025-07-30,NIGHT,CLOSED
347,routine valve maintenance completed without issues.,FLOW STATION,David,INSTRUMENTATION,LOW,MAINTENANCE,2025-11-18,NIGHT,OPEN
348,fire extinguisher inspection completed successfully.,CONTROL ROOM,Fatima,HSE,LOW,INSPECTION,2025-09-22,NIGHT,CLOSED
349,corrosion observed on external pipeline coating.,PIPELINE 8,Paul,INSTRUMENTATION,MEDIUM,CORROSION,2025-02-16,DAY,CLOSED
350,worker slipped on wet surface near loading bay.,WELLHEAD 12,Fatima,INSPECTION,MEDIUM,SLIP/FALL,2026-05-10,NIGHT,UNDER INVESTIGATION
351,routine valve maintenance completed without issues.,PLATFORM B,Grace,MECHANICAL,LOW,MAINTENANCE,2025-12-12,NIGHT,OPEN
352,oil spill discovered near storage tank.,STORAGE TERMINAL,Paul,PRODUCTION,HIGH,OIL SPILL,2025-08-20,DAY,OPEN
353,unauthorized personnel entered restricted area.,FLOW STATION,Michael,INSPECTION,HIGH,SECURITY,2025-08-24,NIGHT,OPEN
354,small hydraulic fluid leak found beneath crane.,CONTROL ROOM,Ahmed,MECHANICAL,MEDIUM,LEAK,2025-01-13,NIGHT,UNDER INVESTIGATION
355,smoke observed from electrical control panel.,PIPELINE 12,Daniel,HSE,HIGH,ELECTRICAL,2025-02-20,NIGHT,UNDER INVESTIGATION
356,corrosion observed on external pipeline coating.,TANK FARM,Ahmed,PIPELINE OPERATIONS,MEDIUM,CORROSION,2026-02-27,NIGHT,UNDER INVESTIGATION
357,pump vibration exceeded acceptable threshold.,PLATFORM A,Samuel,PIPELINE OPERATIONS,MEDIUM,EQUIPMENT FAILURE,2025-10-12,DAY,CLOSED
358,oil spill discovered near storage tank.,PIPELINE 8,Aisha,INSTRUMENTATION,HIGH,OIL SPILL,2026-05-10,NIGHT,CLOSED
359,emergency shutdown activated after pressure surge.,PLATFORM A,Chinedu,INSPECTION,HIGH,EQUIPMENT FAILURE,2026-05-01,DAY,OPEN
360,smoke observed from electrical control panel.,CONTROL ROOM,Daniel,INSPECTION,HIGH,ELECTRICAL,2026-03-13,NIGHT,UNDER INVESTIGATION
361,pressure leak detected on pipeline 7 during routine inspection.,PIPELINE 12,Samuel,PRODUCTION,HIGH,LEAK,2025-11-02,DAY,UNDER INVESTIGATION
362,fire extinguisher inspection completed successfully.,GAS PROCESSING UNIT,Joy,INSPECTION,LOW,INSPECTION,2026-03-04,DAY,CLOSED
363,oil spill discovered near storage tank.,LOADING BAY,Blessing,PRODUCTION,HIGH,OIL SPILL,2025-01-10,NIGHT,OPEN
364,pressure leak detected on pipeline 7 during routine inspection.,FLOW STATION,Samuel,HSE,HIGH,LEAK,2025-01-15,DAY,OPEN
365,emergency shutdown activated after pressure surge.,PIPELINE 12,Daniel,INSTRUMENTATION,HIGH,EQUIPMENT FAILURE,2025-06-15,NIGHT,UNDER INVESTIGATION
366,unauthorized personnel entered restricted area.,PIPELINE 12,Blessing,ELECTRICAL,HIGH,SECURITY,2026-01-06,DAY,UNDER INVESTIGATION
367,small hydraulic fluid leak found beneath crane.,COMPRESSOR STATION,David,PIPELINE OPERATIONS,MEDIUM,LEAK,2025-05-23,NIGHT,OPEN
368,loose flange bolts discovered during maintenance.,REFINERY,Joy,INSPECTION,MEDIUM,MECHANICAL,2025-10-24,DAY,OPEN
369,loose flange bolts discovered during maintenance.,REFINERY,Fatima,INSPECTION,MEDIUM,MECHANICAL,2025-05-22,DAY,RESOLVED
370,small hydraulic fluid leak found beneath crane.,UNKNOWN,Mary,PIPELINE OPERATIONS,MEDIUM,LEAK,2025-12-11,DAY,RESOLVED
371,gas detector triggered alarm near compressor station.,LOADING BAY,Samuel,PIPELINE OPERATIONS,HIGH,GAS DETECTION,2025-08-15,NIGHT,CLOSED
372,gas detector triggered alarm near compressor station.,FLOW STATION,David,MECHANICAL,HIGH,GAS DETECTION,2025-10-15,DAY,UNDER INVESTIGATION
373,sensor calibration completed successfully.,TANK FARM,Daniel,HSE,LOW,INSPECTION,2025-10-15,NIGHT,CLOSED
374,sensor calibration completed successfully.,PIPELINE 7,Paul,MECHANICAL,LOW,INSPECTION,2025-04-07,DAY,RESOLVED
375,smoke observed from electrical control panel.,PIPELINE 8,John,HSE,HIGH,ELECTRICAL,2026-06-22,NIGHT,RESOLVED
376,corrosion observed on external pipeline coating.,PIPELINE 12,Mary,PIPELINE OPERATIONS,MEDIUM,CORROSION,2025-05-18,DAY,RESOLVED
377,small hydraulic fluid leak found beneath crane.,FLOW STATION,Michael,PIPELINE OPERATIONS,MEDIUM,LEAK,2026-06-11,DAY,CLOSED
378,corrosion observed on external pipeline coating.,PIPELINE 12,Chinedu,UTILITIES,MEDIUM,CORROSION,2025-08-29,DAY,OPEN
379,smoke observed from electrical control panel.,GAS PROCESSING UNIT,Mary,HSE,HIGH,ELECTRICAL,2025-02-21,DAY,CLOSED
380,routine valve maintenance completed without issues.,GAS PROCESSING UNIT,Ahmed,PRODUCTION,LOW,MAINTENANCE,2025-10-27,DAY,CLOSED
381,oil spill discovered near storage tank.,PIPELINE 12,Paul,INSPECTION,HIGH,OIL SPILL,2026-04-05,NIGHT,RESOLVED
382,corrosion observed on external pipeline coating.,COMPRESSOR STATION,Daniel,PRODUCTION,MEDIUM,CORROSION,2025-02-01,NIGHT,UNDER INVESTIGATION
383,sensor calibration completed successfully.,STORAGE TERMINAL,Ibrahim,PRODUCTION,LOW,INSPECTION,2025-02-15,NIGHT,OPEN
384,smoke observed from electrical control panel.,REFINERY,Joy,MAINTENANCE,HIGH,ELECTRICAL,2025-08-28,DAY,CLOSED
385,gas detector triggered alarm near compressor station.,COMPRESSOR STATION,Michael,INSTRUMENTATION,HIGH,GAS DETECTION,2025-10-29,NIGHT,OPEN
386,gas detector triggered alarm near compressor station.,STORAGE TERMINAL,Fatima,MECHANICAL,HIGH,GAS DETECTION,2025-04-11,DAY,UNDER INVESTIGATION
387,pump vibration exceeded acceptable threshold.,FLOW STATION,Joy,MAINTENANCE,MEDIUM,EQUIPMENT FAILURE,2025-05-15,DAY,UNDER INVESTIGATION
388,smoke observed from electrical control panel.,WELLHEAD 12,Ahmed,INSPECTION,HIGH,ELECTRICAL,2026-03-17,DAY,OPEN
389,routine valve maintenance completed without issues.,PIPELINE 12,Ahmed,MAINTENANCE,LOW,MAINTENANCE,2026-02-11,NIGHT,OPEN
390,routine valve maintenance completed without issues.,PIPELINE 7,Samuel,PIPELINE OPERATIONS,LOW,MAINTENANCE,2025-08-13,DAY,RESOLVED
391,pressure leak detected on pipeline 7 during routine inspection.,COMPRESSOR STATION,Ahmed,HSE,HIGH,LEAK,2025-03-11,DAY,CLOSED
392,worker slipped on wet surface near loading bay.,GAS PROCESSING UNIT,Chinedu,MECHANICAL,MEDIUM,SLIP/FALL,2025-05-15,NIGHT,CLOSED
393,worker slipped on wet surface near loading bay.,PLATFORM A,Fatima,INSPECTION,MEDIUM,SLIP/FALL,2026-02-26,NIGHT,CLOSED
394,pressure leak detected on pipeline 7 during routine inspection.,PIPELINE 12,Aisha,INSPECTION,HIGH,LEAK,2025-08-07,DAY,OPEN
395,gas detector triggered alarm near compressor station.,PIPELINE 7,Samuel,MAINTENANCE,HIGH,GAS DETECTION,2026-05-30,DAY,RESOLVED
396,corrosion observed on external pipeline coating.,STORAGE TERMINAL,Samuel,INSPECTION,MEDIUM,CORROSION,2026-03-05,DAY,OPEN
397,pressure leak detected on pipeline 7 during routine inspection.,PIPELINE 8,Fatima,UTILITIES,HIGH,LEAK,2026-05-25,DAY,CLOSED
398,small hydraulic fluid leak found beneath crane.,FLOW STATION,Ahmed,MAINTENANCE,MEDIUM,LEAK,2026-01-30,DAY,UNDER INVESTIGATION
399,corrosion observed on external pipeline coating.,COMPRESSOR STATION,Michael,MECHANICAL,MEDIUM,CORROSION,2026-02-19,NIGHT,UNDER INVESTIGATION
400,small hydraulic fluid leak found beneath crane.,STORAGE TERMINAL,Paul,PIPELINE OPERATIONS,MEDIUM,LEAK,2025-04-12,DAY,RESOLVED
401,oil spill discovered near storage tank.,FLOW STATION,David,MAINTENANCE,HIGH,OIL SPILL,2026-02-10,NIGHT,OPEN
402,small hydraulic fluid leak found beneath crane.,PLATFORM A,David,HSE,MEDIUM,LEAK,2025-11-16,NIGHT,RESOLVED
403,pressure leak detected on pipeline 7 during routine inspection.,LOADING BAY,John,PIPELINE OPERATIONS,HIGH,LEAK,2025-11-16,DAY,RESOLVED
404,abnormal temperature recorded in processing unit.,TANK FARM,Aisha,MAINTENANCE,MEDIUM,EQUIPMENT FAILURE,2026-06-16,DAY,CLOSED
405,pump vibration exceeded acceptable threshold.,MANIFOLD,Fatima,PIPELINE OPERATIONS,MEDIUM,EQUIPMENT FAILURE,2025-10-19,DAY,RESOLVED
406,small hydraulic fluid leak found beneath crane.,PLATFORM A,Chinedu,HSE,MEDIUM,LEAK,2026-03-26,DAY,RESOLVED
407,routine valve maintenance completed without issues.,WELLHEAD 12,UNKNOWN,PRODUCTION,LOW,MAINTENANCE,2025-05-25,NIGHT,OPEN
408,unauthorized personnel entered restricted area.,STORAGE TERMINAL,Joy,MAINTENANCE,HIGH,SECURITY,2025-10-05,NIGHT,OPEN
409,abnormal temperature recorded in processing unit.,MANIFOLD,Paul,INSTRUMENTATION,MEDIUM,EQUIPMENT FAILURE,2025-10-12,NIGHT,OPEN
410,unauthorized personnel entered restricted area.,FLOW STATION,David,ELECTRICAL,HIGH,SECURITY,2026-02-18,DAY,CLOSED
411,routine valve maintenance completed without issues.,REFINERY,Joy,ELECTRICAL,LOW,MAINTENANCE,2025-04-06,DAY,UNDER INVESTIGATION
412,fire extinguisher inspection completed successfully.,CONTROL ROOM,Ibrahim,MECHANICAL,LOW,INSPECTION,2026-01-26,NIGHT,RESOLVED
413,pump vibration exceeded acceptable threshold.,CONTROL ROOM,Ibrahim,MAINTENANCE,MEDIUM,EQUIPMENT FAILURE,2026-06-13,DAY,CLOSED
414,pressure leak detected on pipeline 7 during routine inspection.,UNKNOWN,John,UTILITIES,HIGH,LEAK,2025-07-25,DAY,RESOLVED
415,routine valve maintenance completed without issues.,TANK FARM,Ibrahim,UTILITIES,LOW,MAINTENANCE,2025-07-25,NIGHT,UNDER INVESTIGATION
416,pressure leak detected on pipeline 7 during routine inspection.,STORAGE TERMINAL,Grace,MAINTENANCE,HIGH,LEAK,2025-06-21,DAY,RESOLVED
417,abnormal temperature recorded in processing unit.,FLOW STATION,Paul,PIPELINE OPERATIONS,MEDIUM,EQUIPMENT FAILURE,2025-02-03,DAY,UNDER INVESTIGATION
418,abnormal temperature recorded in processing unit.,REFINERY,Daniel,HSE,MEDIUM,EQUIPMENT FAILURE,2025-04-01,DAY,CLOSED
419,loose flange bolts discovered during maintenance.,COMPRESSOR STATION,Mary,UTILITIES,MEDIUM,MECHANICAL,2026-04-09,DAY,RESOLVED
420,smoke observed from electrical control panel.,REFINERY,David,ELECTRICAL,HIGH,ELECTRICAL,2026-06-13,DAY,OPEN
421,emergency shutdown activated after pressure surge.,TANK FARM,Ahmed,INSPECTION,HIGH,EQUIPMENT FAILURE,2026-05-23,DAY,UNDER INVESTIGATION
422,pressure leak detected on pipeline 7 during routine inspection.,PLATFORM B,Aisha,INSTRUMENTATION,HIGH,LEAK,2025-05-24,DAY,RESOLVED
423,pump vibration exceeded acceptable threshold.,PIPELINE 8,Michael,MECHANICAL,MEDIUM,EQUIPMENT FAILURE,2025-10-09,NIGHT,OPEN
424,oil spill discovered near storage tank.,WELLHEAD 12,David,MECHANICAL,HIGH,OIL SPILL,2025-03-18,DAY,CLOSED
425,emergency shutdown activated after pressure surge.,LOADING BAY,Aisha,PIPELINE OPERATIONS,HIGH,EQUIPMENT FAILURE,2025-08-13,NIGHT,OPEN
426,oil spill discovered near storage tank.,REFINERY,Grace,INSPECTION,HIGH,OIL SPILL,2026-02-12,DAY,OPEN
427,routine valve maintenance completed without issues.,TANK FARM,Aisha,INSTRUMENTATION,LOW,MAINTENANCE,2025-07-20,NIGHT,CLOSED
428,worker slipped on wet surface near loading bay.,CONTROL ROOM,Mary,MAINTENANCE,MEDIUM,SLIP/FALL,2025-06-08,DAY,RESOLVED
429,pressure leak detected on pipeline 7 during routine inspection.,FLOW STATION,Blessing,ELECTRICAL,HIGH,LEAK,2025-08-28,DAY,UNDER INVESTIGATION
430,smoke observed from electrical control panel.,PIPELINE 7,Aisha,MAINTENANCE,HIGH,ELECTRICAL,2025-10-26,DAY,CLOSED
431,smoke observed from electrical control panel.,PLATFORM B,Mary,HSE,HIGH,ELECTRICAL,2025-10-29,DAY,CLOSED
432,smoke observed from electrical control panel.,COMPRESSOR STATION,Mary,UTILITIES,HIGH,ELECTRICAL,2025-08-19,DAY,UNDER INVESTIGATION
433,fire extinguisher inspection completed successfully.,PIPELINE 7,Samuel,ELECTRICAL,LOW,INSPECTION,2025-11-14,DAY,OPEN
434,unauthorized personnel entered restricted area.,TANK FARM,David,INSTRUMENTATION,HIGH,SECURITY,2025-01-21,DAY,OPEN
435,emergency shutdown activated after pressure surge.,PLATFORM B,Ibrahim,PRODUCTION,HIGH,EQUIPMENT FAILURE,2025-07-08,NIGHT,CLOSED
436,unauthorized personnel entered restricted area.,PIPELINE 7,Blessing,PIPELINE OPERATIONS,HIGH,SECURITY,2025-02-23,NIGHT,OPEN
437,oil spill discovered near storage tank.,PLATFORM B,John,MECHANICAL,HIGH,OIL SPILL,2025-01-20,NIGHT,RESOLVED
438,loose flange bolts discovered during maintenance.,LOADING BAY,Blessing,INSTRUMENTATION,MEDIUM,MECHANICAL,2026-01-25,DAY,RESOLVED
439,emergency shutdown activated after pressure surge.,MANIFOLD,Grace,PRODUCTION,HIGH,EQUIPMENT FAILURE,2026-03-12,NIGHT,CLOSED
440,abnormal temperature recorded in processing unit.,TANK FARM,Fatima,INSPECTION,MEDIUM,EQUIPMENT FAILURE,2025-11-29,NIGHT,UNDER INVESTIGATION
441,sensor calibration completed successfully.,PIPELINE 12,Ibrahim,UTILITIES,LOW,INSPECTION,2025-11-29,DAY,OPEN
442,pressure leak detected on pipeline 7 during routine inspection.,REFINERY,Ahmed,INSPECTION,HIGH,LEAK,2025-01-15,DAY,RESOLVED
443,pressure leak detected on pipeline 7 during routine inspection.,REFINERY,Paul,MAINTENANCE,HIGH,LEAK,2026-02-02,DAY,RESOLVED
444,gas detector triggered alarm near compressor station.,GAS PROCESSING UNIT,Ahmed,INSPECTION,HIGH,GAS DETECTION,2025-01-22,DAY,RESOLVED
445,pressure leak detected on pipeline 7 during routine inspection.,PLATFORM A,Grace,HSE,HIGH,LEAK,2025-01-22,NIGHT,UNDER INVESTIGATION
446,routine valve maintenance completed without issues.,GAS PROCESSING UNIT,Blessing,ELECTRICAL,LOW,MAINTENANCE,2025-08-17,NIGHT,RESOLVED
447,fire extinguisher inspection completed successfully.,REFINERY,Samuel,MECHANICAL,LOW,INSPECTION,2025-01-08,DAY,RESOLVED
448,worker slipped on wet surface near loading bay.,LOADING BAY,John,HSE,MEDIUM,SLIP/FALL,2026-04-10,DAY,UNDER INVESTIGATION
449,small hydraulic fluid leak found beneath crane.,PLATFORM B,UNKNOWN,PIPELINE OPERATIONS,MEDIUM,LEAK,2025-02-16,DAY,OPEN
450,emergency shutdown activated after pressure surge.,PLATFORM A,Daniel,PRODUCTION,HIGH,EQUIPMENT FAILURE,2025-11-27,NIGHT,CLOSED
451,corrosion observed on external pipeline coating.,WELLHEAD 12,David,PRODUCTION,MEDIUM,CORROSION,2026-05-22,DAY,RESOLVED
452,sensor calibration completed successfully.,STORAGE TERMINAL,Aisha,MECHANICAL,LOW,INSPECTION,2025-06-23,DAY,CLOSED
453,pressure leak detected on pipeline 7 during routine inspection.,MANIFOLD,Grace,INSPECTION,HIGH,LEAK,2026-02-22,NIGHT,RESOLVED
454,emergency shutdown activated after pressure surge.,PIPELINE 8,Grace,INSTRUMENTATION,HIGH,EQUIPMENT FAILURE,2026-02-22,NIGHT,OPEN
455,pump vibration exceeded acceptable threshold.,COMPRESSOR STATION,Samuel,MAINTENANCE,MEDIUM,EQUIPMENT FAILURE,2025-10-23,NIGHT,UNDER INVESTIGATION
456,worker slipped on wet surface near loading bay.,PIPELINE 12,Chinedu,PIPELINE OPERATIONS,MEDIUM,SLIP/FALL,2026-05-08,NIGHT,RESOLVED
457,sensor calibration completed successfully.,CONTROL ROOM,David,HSE,LOW,INSPECTION,2026-04-16,NIGHT,OPEN
458,pressure leak detected on pipeline 7 during routine inspection.,PLATFORM A,Mary,PRODUCTION,HIGH,LEAK,2026-04-16,NIGHT,CLOSED
459,small hydraulic fluid leak found beneath crane.,TANK FARM,Ibrahim,HSE,MEDIUM,LEAK,2025-06-04,DAY,UNDER INVESTIGATION
460,small hydraulic fluid leak found beneath crane.,GAS PROCESSING UNIT,David,ELECTRICAL,MEDIUM,LEAK,2026-01-04,DAY,OPEN
461,pump vibration exceeded acceptable threshold.,REFINERY,David,MECHANICAL,MEDIUM,EQUIPMENT FAILURE,2025-10-13,NIGHT,OPEN
462,worker slipped on wet surface near loading bay.,FLOW STATION,Daniel,HSE,MEDIUM,SLIP/FALL,2025-05-10,DAY,OPEN
463,pump vibration exceeded acceptable threshold.,LOADING BAY,David,UTILITIES,MEDIUM,EQUIPMENT FAILURE,2025-07-02,DAY,OPEN
464,no report provided,REFINERY,Fatima,PRODUCTION,LOW,INSPECTION,2025-08-06,DAY,CLOSED
465,loose flange bolts discovered during maintenance.,TANK FARM,David,MAINTENANCE,MEDIUM,MECHANICAL,2025-08-01,DAY,OPEN
466,no report provided,PIPELINE 12,Ibrahim,PRODUCTION,MEDIUM,SLIP/FALL,2026-05-12,DAY,RESOLVED
467,gas detector triggered alarm near compressor station.,STORAGE TERMINAL,Joy,INSTRUMENTATION,HIGH,GAS DETECTION,2025-10-22,DAY,RESOLVED
468,pressure leak detected on pipeline 7 during routine inspection.,COMPRESSOR STATION,Samuel,INSPECTION,HIGH,LEAK,2025-10-30,NIGHT,UNDER INVESTIGATION
469,small hydraulic fluid leak found beneath crane.,STORAGE TERMINAL,Blessing,ELECTRICAL,MEDIUM,LEAK,2025-07-25,NIGHT,UNDER INVESTIGATION
470,gas detector triggered alarm near compressor station.,PIPELINE 12,Blessing,MECHANICAL,HIGH,GAS DETECTION,2025-07-29,NIGHT,UNDER INVESTIGATION
471,worker slipped on wet surface near loading bay.,MANIFOLD,Fatima,INSTRUMENTATION,MEDIUM,SLIP/FALL,2025-10-10,NIGHT,CLOSED
472,abnormal temperature recorded in processing unit.,PLATFORM B,Ibrahim,PRODUCTION,MEDIUM,EQUIPMENT FAILURE,2026-04-22,NIGHT,OPEN
473,sensor calibration completed successfully.,LOADING BAY,David,UTILITIES,LOW,INSPECTION,2025-03-17,DAY,UNDER INVESTIGATION
474,pressure leak detected on pipeline 7 during routine inspection.,PLATFORM B,Ibrahim,INSPECTION,HIGH,LEAK,2025-11-20,DAY,CLOSED
475,abnormal temperature recorded in processing unit.,PLATFORM A,Michael,PRODUCTION,MEDIUM,EQUIPMENT FAILURE,2025-05-02,NIGHT,CLOSED
476,fire extinguisher inspection completed successfully.,PIPELINE 12,Aisha,PIPELINE OPERATIONS,LOW,INSPECTION,2026-03-13,DAY,CLOSED
477,pump vibration exceeded acceptable threshold.,MANIFOLD,Blessing,PRODUCTION,MEDIUM,EQUIPMENT FAILURE,2026-01-27,NIGHT,OPEN
478,fire extinguisher inspection completed successfully.,LOADING BAY,Aisha,INSTRUMENTATION,LOW,INSPECTION,2025-10-24,NIGHT,UNDER INVESTIGATION
479,no report provided,GAS PROCESSING UNIT,Samuel,INSPECTION,HIGH,OIL SPILL,2025-10-24,NIGHT,OPEN
480,abnormal temperature recorded in processing unit.,PIPELINE 7,Mary,ELECTRICAL,MEDIUM,EQUIPMENT FAILURE,2025-04-30,NIGHT,OPEN
481,pressure leak detected on pipeline 7 during routine inspection.,FLOW STATION,Chinedu,ELECTRICAL,HIGH,LEAK,2025-06-26,DAY,UNDER INVESTIGATION
482,unauthorized personnel entered restricted area.,STORAGE TERMINAL,Mary,UTILITIES,HIGH,SECURITY,2026-04-11,DAY,UNDER INVESTIGATION
483,small hydraulic fluid leak found beneath crane.,CONTROL ROOM,Samuel,INSTRUMENTATION,MEDIUM,LEAK,2025-01-03,NIGHT,UNDER INVESTIGATION
484,corrosion observed on external pipeline coating.,FLOW STATION,Chinedu,MECHANICAL,MEDIUM,CORROSION,2025-03-18,DAY,RESOLVED
485,smoke observed from electrical control panel.,WELLHEAD 12,Fatima,PIPELINE OPERATIONS,HIGH,ELECTRICAL,2025-07-13,DAY,CLOSED
486,routine valve maintenance completed without issues.,PIPELINE 7,John,UTILITIES,LOW,MAINTENANCE,2025-11-19,NIGHT,RESOLVED
487,abnormal temperature recorded in processing unit.,FLOW STATION,Ahmed,HSE,MEDIUM,EQUIPMENT FAILURE,2025-08-14,NIGHT,CLOSED
488,fire extinguisher inspection completed successfully.,STORAGE TERMINAL,Joy,MECHANICAL,LOW,INSPECTION,2025-04-04,DAY,CLOSED
489,abnormal temperature recorded in processing unit.,FLOW STATION,Fatima,INSTRUMENTATION,MEDIUM,EQUIPMENT FAILURE,2025-03-14,NIGHT,UNDER INVESTIGATION
490,oil spill discovered near storage tank.,PLATFORM A,Paul,MAINTENANCE,HIGH,OIL SPILL,2025-11-11,NIGHT,CLOSED
491,routine valve maintenance completed without issues.,PIPELINE 7,Ahmed,UTILITIES,LOW,MAINTENANCE,2026-06-25,NIGHT,RESOLVED
492,pressure leak detected on pipeline 7 during routine inspection.,GAS PROCESSING UNIT,Ahmed,INSTRUMENTATION,HIGH,LEAK,2025-02-21,DAY,RESOLVED
493,fire extinguisher inspection completed successfully.,PIPELINE 8,Blessing,INSPECTION,LOW,INSPECTION,2025-01-24,NIGHT,OPEN
494,corrosion observed on external pipeline coating.,FLOW STATION,Ibrahim,PIPELINE OPERATIONS,MEDIUM,CORROSION,2025-02-21,DAY,CLOSED
495,pump vibration exceeded acceptable threshold.,CONTROL ROOM,Daniel,PRODUCTION,MEDIUM,EQUIPMENT FAILURE,2025-02-22,NIGHT,UNDER INVESTIGATION
496,corrosion observed on external pipeline coating.,CONTROL ROOM,UNKNOWN,MECHANICAL,MEDIUM,CORROSION,2025-02-22,DAY,CLOSED
497,smoke observed from electrical control panel.,TANK FARM,Paul,ELECTRICAL,HIGH,ELECTRICAL,2025-01-04,DAY,CLOSED
498,routine valve maintenance completed without issues.,PLATFORM A,Michael,ELECTRICAL,LOW,MAINTENANCE,2025-06-21,DAY,UNDER INVESTIGATION
499,pressure leak detected on pipeline 7 during routine inspection.,STORAGE TERMINAL,David,INSPECTION,HIGH,LEAK,2025-01-04,DAY,UNDER INVESTIGATION
500,pressure leak detected on pipeline 7 during routine inspection.,FLOW STATION,Ahmed,MECHANICAL,HIGH,LEAK,2025-09-21,DAY,CLOSED
501,abnormal temperature recorded in processing unit.,PIPELINE 7,Samuel,UTILITIES,MEDIUM,EQUIPMENT FAILURE,2025-03-08,DAY,RESOLVED
502,pressure leak detected on pipeline 7 during routine inspection.,FLOW STATION,Daniel,MECHANICAL,HIGH,LEAK,2025-10-04,DAY,OPEN
503,corrosion observed on external pipeline coating.,PIPELINE 8,Fatima,ELECTRICAL,MEDIUM,CORROSION,2025-10-04,DAY,CLOSED
504,corrosion observed on external pipeline coating.,PLATFORM A,David,PRODUCTION,MEDIUM,CORROSION,2025-04-10,DAY,CLOSED
505,abnormal temperature recorded in processing unit.,WELLHEAD 12,Ibrahim,PRODUCTION,MEDIUM,EQUIPMENT FAILURE,2025-02-11,DAY,OPEN
506,worker slipped on wet surface near loading bay.,WELLHEAD 12,Blessing,ELECTRICAL,MEDIUM,SLIP/FALL,2025-01-16,NIGHT,CLOSED
507,routine valve maintenance completed without issues.,LOADING BAY,Aisha,PRODUCTION,LOW,MAINTENANCE,2026-05-24,NIGHT,CLOSED
508,worker slipped on wet surface near loading bay.,REFINERY,Fatima,UTILITIES,MEDIUM,SLIP/FALL,2025-01-19,NIGHT,UNDER INVESTIGATION
509,oil spill discovered near storage tank.,PIPELINE 8,Chinedu,ELECTRICAL,HIGH,OIL SPILL,2025-05-06,NIGHT,RESOLVED
510,gas detector triggered alarm near compressor station.,LOADING BAY,Ahmed,MECHANICAL,HIGH,GAS DETECTION,2025-01-13,DAY,UNDER INVESTIGATION
511,oil spill discovered near storage tank.,TANK FARM,Samuel,INSTRUMENTATION,HIGH,OIL SPILL,2026-05-24,DAY,CLOSED
512,smoke observed from electrical control panel.,TANK FARM,Paul,MAINTENANCE,HIGH,ELECTRICAL,2026-03-31,DAY,CLOSED
513,oil spill discovered near storage tank.,PLATFORM A,Joy,MAINTENANCE,HIGH,OIL SPILL,2025-09-05,NIGHT,CLOSED
514,fire extinguisher inspection completed successfully.,PLATFORM B,UNKNOWN,HSE,LOW,INSPECTION,2025-08-11,NIGHT,UNDER INVESTIGATION
515,routine valve maintenance completed without issues.,COMPRESSOR STATION,Michael,PIPELINE OPERATIONS,LOW,MAINTENANCE,2026-04-04,DAY,UNDER INVESTIGATION
516,sensor calibration completed successfully.,CONTROL ROOM,Mary,UTILITIES,LOW,INSPECTION,2025-10-11,NIGHT,CLOSED
517,worker slipped on wet surface near loading bay.,WELLHEAD 12,Ahmed,INSTRUMENTATION,MEDIUM,SLIP/FALL,2025-10-11,NIGHT,UNDER INVESTIGATION
518,small hydraulic fluid leak found beneath crane.,PIPELINE 7,Ibrahim,MECHANICAL,MEDIUM,LEAK,2025-03-25,NIGHT,OPEN
519,oil spill discovered near storage tank.,GAS PROCESSING UNIT,Michael,MECHANICAL,HIGH,OIL SPILL,2025-05-29,DAY,CLOSED
520,pump vibration exceeded acceptable threshold.,FLOW STATION,Aisha,MAINTENANCE,MEDIUM,EQUIPMENT FAILURE,2025-09-25,DAY,RESOLVED
521,smoke observed from electrical control panel.,PIPELINE 12,Ahmed,PRODUCTION,HIGH,ELECTRICAL,2026-01-08,NIGHT,RESOLVED
522,pump vibration exceeded acceptable threshold.,PIPELINE 8,John,PIPELINE OPERATIONS,MEDIUM,EQUIPMENT FAILURE,2026-01-16,DAY,RESOLVED
523,small hydraulic fluid leak found beneath crane.,WELLHEAD 12,Chinedu,MECHANICAL,MEDIUM,LEAK,2025-02-01,DAY,RESOLVED
524,corrosion observed on external pipeline coating.,WELLHEAD 12,Fatima,INSTRUMENTATION,MEDIUM,CORROSION,2026-06-04,DAY,RESOLVED
525,small hydraulic fluid leak found beneath crane.,GAS PROCESSING UNIT,Blessing,MECHANICAL,MEDIUM,LEAK,2025-11-08,NIGHT,RESOLVED
526,sensor calibration completed successfully.,REFINERY,Aisha,ELECTRICAL,LOW,INSPECTION,2025-11-22,NIGHT,RESOLVED
527,worker slipped on wet surface near loading bay.,COMPRESSOR STATION,Michael,PRODUCTION,MEDIUM,SLIP/FALL,2026-06-21,NIGHT,UNDER INVESTIGATION
528,pump vibration exceeded acceptable threshold.,MANIFOLD,Ahmed,UTILITIES,MEDIUM,EQUIPMENT FAILURE,2026-02-22,DAY,RESOLVED
529,abnormal temperature recorded in processing unit.,TANK FARM,John,MECHANICAL,MEDIUM,EQUIPMENT FAILURE,2025-07-01,NIGHT,RESOLVED
530,fire extinguisher inspection completed successfully.,PIPELINE 8,Chinedu,MECHANICAL,LOW,INSPECTION,2025-03-14,NIGHT,OPEN
531,corrosion observed on external pipeline coating.,FLOW STATION,Paul,ELECTRICAL,MEDIUM,CORROSION,2026-04-01,NIGHT,RESOLVED
532,sensor calibration completed successfully.,REFINERY,John,ELECTRICAL,LOW,INSPECTION,2026-06-09,DAY,OPEN
533,sensor calibration completed successfully.,PIPELINE 12,Joy,MAINTENANCE,LOW,INSPECTION,2026-06-09,NIGHT,RESOLVED
534,routine valve maintenance completed without issues.,GAS PROCESSING UNIT,Samuel,INSTRUMENTATION,LOW,MAINTENANCE,2026-04-26,DAY,OPEN
535,oil spill discovered near storage tank.,MANIFOLD,Mary,ELECTRICAL,HIGH,OIL SPILL,2025-09-02,DAY,CLOSED
536,pump vibration exceeded acceptable threshold.,WELLHEAD 12,Daniel,INSTRUMENTATION,MEDIUM,EQUIPMENT FAILURE,2025-09-18,NIGHT,RESOLVED
537,sensor calibration completed successfully.,PIPELINE 7,Ahmed,UTILITIES,LOW,INSPECTION,2025-09-18,DAY,OPEN
538,oil spill discovered near storage tank.,REFINERY,Mary,INSTRUMENTATION,HIGH,OIL SPILL,2026-03-10,DAY,CLOSED
539,unauthorized personnel entered restricted area.,UNKNOWN,Fatima,PIPELINE OPERATIONS,HIGH,SECURITY,2026-03-10,NIGHT,RESOLVED
540,loose flange bolts discovered during maintenance.,STORAGE TERMINAL,Paul,HSE,MEDIUM,MECHANICAL,2026-03-10,NIGHT,CLOSED
541,worker slipped on wet surface near loading bay.,UNKNOWN,John,MAINTENANCE,MEDIUM,SLIP/FALL,2025-11-08,DAY,CLOSED
542,worker slipped on wet surface near loading bay.,PIPELINE 7,Ibrahim,HSE,MEDIUM,SLIP/FALL,2025-05-09,NIGHT,CLOSED
543,gas detector triggered alarm near compressor station.,PIPELINE 12,Paul,INSTRUMENTATION,HIGH,GAS DETECTION,2026-03-24,DAY,OPEN
544,small hydraulic fluid leak found beneath crane.,FLOW STATION,Michael,HSE,MEDIUM,LEAK,2026-06-17,NIGHT,OPEN
545,small hydraulic fluid leak found beneath crane.,PIPELINE 7,Chinedu,INSTRUMENTATION,MEDIUM,LEAK,2025-10-02,NIGHT,OPEN
546,pressure leak detected on pipeline 7 during routine inspection.,PIPELINE 12,Blessing,PRODUCTION,HIGH,LEAK,2025-04-21,DAY,RESOLVED
547,smoke observed from electrical control panel.,GAS PROCESSING UNIT,Blessing,HSE,HIGH,ELECTRICAL,2025-09-10,DAY,UNDER INVESTIGATION
548,gas detector triggered alarm near compressor station.,CONTROL ROOM,UNKNOWN,MAINTENANCE,HIGH,GAS DETECTION,2025-02-06,DAY,UNDER INVESTIGATION
549,smoke observed from electrical control panel.,CONTROL ROOM,Aisha,PRODUCTION,HIGH,ELECTRICAL,2025-02-06,DAY,UNDER INVESTIGATION
550,smoke observed from electrical control panel.,PIPELINE 12,Mary,MAINTENANCE,HIGH,ELECTRICAL,2026-01-02,DAY,RESOLVED
551,emergency shutdown activated after pressure surge.,TANK FARM,Paul,INSTRUMENTATION,HIGH,EQUIPMENT FAILURE,2025-05-23,DAY,OPEN
552,unauthorized personnel entered restricted area.,PLATFORM A,Samuel,MAINTENANCE,HIGH,SECURITY,2026-03-10,NIGHT,OPEN
553,routine valve maintenance completed without issues.,WELLHEAD 12,Aisha,INSPECTION,LOW,MAINTENANCE,2025-07-18,DAY,OPEN
554,fire extinguisher inspection completed successfully.,CONTROL ROOM,Mary,INSTRUMENTATION,LOW,INSPECTION,2025-07-18,NIGHT,RESOLVED
555,loose flange bolts discovered during maintenance.,CONTROL ROOM,Ahmed,INSPECTION,MEDIUM,MECHANICAL,2026-01-30,NIGHT,RESOLVED
556,sensor calibration completed successfully.,MANIFOLD,Ibrahim,INSPECTION,LOW,INSPECTION,2025-06-06,DAY,CLOSED
557,pump vibration exceeded acceptable threshold.,FLOW STATION,John,PRODUCTION,MEDIUM,EQUIPMENT FAILURE,2025-12-28,DAY,OPEN
558,loose flange bolts discovered during maintenance.,REFINERY,Fatima,MAINTENANCE,MEDIUM,MECHANICAL,2025-08-23,NIGHT,RESOLVED
559,sensor calibration completed successfully.,COMPRESSOR STATION,Grace,ELECTRICAL,LOW,INSPECTION,2026-06-01,DAY,RESOLVED
560,routine valve maintenance completed without issues.,PLATFORM B,Daniel,PRODUCTION,LOW,MAINTENANCE,2025-01-09,NIGHT,UNDER INVESTIGATION
561,small hydraulic fluid leak found beneath crane.,FLOW STATION,David,INSPECTION,MEDIUM,LEAK,2025-05-31,DAY,UNDER INVESTIGATION
562,pump vibration exceeded acceptable threshold.,PLATFORM B,Aisha,ELECTRICAL,MEDIUM,EQUIPMENT FAILURE,2025-01-28,DAY,UNDER INVESTIGATION
563,fire extinguisher inspection completed successfully.,GAS PROCESSING UNIT,Chinedu,ELECTRICAL,LOW,INSPECTION,2025-12-08,NIGHT,OPEN
564,sensor calibration completed successfully.,COMPRESSOR STATION,Paul,ELECTRICAL,LOW,INSPECTION,2025-12-08,NIGHT,UNDER INVESTIGATION
565,abnormal temperature recorded in processing unit.,LOADING BAY,Paul,PIPELINE OPERATIONS,MEDIUM,EQUIPMENT FAILURE,2025-08-07,DAY,CLOSED
566,worker slipped on wet surface near loading bay.,CONTROL ROOM,Aisha,PRODUCTION,MEDIUM,SLIP/FALL,2025-03-14,NIGHT,RESOLVED
567,unauthorized personnel entered restricted area.,GAS PROCESSING UNIT,Ahmed,INSTRUMENTATION,HIGH,SECURITY,2025-01-20,NIGHT,UNDER INVESTIGATION
568,pump vibration exceeded acceptable threshold.,FLOW STATION,UNKNOWN,PRODUCTION,MEDIUM,EQUIPMENT FAILURE,2025-07-18,NIGHT,CLOSED
569,worker slipped on wet surface near loading bay.,TANK FARM,Ibrahim,ELECTRICAL,MEDIUM,SLIP/FALL,2026-05-09,NIGHT,UNDER INVESTIGATION
570,abnormal temperature recorded in processing unit.,FLOW STATION,Samuel,INSTRUMENTATION,MEDIUM,EQUIPMENT FAILURE,2026-04-09,NIGHT,RESOLVED
571,small hydraulic fluid leak found beneath crane.,CONTROL ROOM,Ibrahim,HSE,MEDIUM,LEAK,2026-06-23,NIGHT,UNDER INVESTIGATION
572,oil spill discovered near storage tank.,COMPRESSOR STATION,Grace,MECHANICAL,HIGH,OIL SPILL,2025-05-12,DAY,CLOSED
573,corrosion observed on external pipeline coating.,WELLHEAD 12,Grace,ELECTRICAL,MEDIUM,CORROSION,2026-01-15,NIGHT,CLOSED
574,loose flange bolts discovered during maintenance.,MANIFOLD,Ibrahim,PRODUCTION,MEDIUM,MECHANICAL,2026-01-15,DAY,RESOLVED
575,emergency shutdown activated after pressure surge.,GAS PROCESSING UNIT,Mary,HSE,HIGH,EQUIPMENT FAILURE,2026-02-02,NIGHT,RESOLVED
576,pressure leak detected on pipeline 7 during routine inspection.,FLOW STATION,David,MECHANICAL,HIGH,LEAK,2025-08-01,DAY,UNDER INVESTIGATION
577,sensor calibration completed successfully.,GAS PROCESSING UNIT,Ahmed,INSPECTION,LOW,INSPECTION,2025-12-14,NIGHT,RESOLVED
578,sensor calibration completed successfully.,TANK FARM,Fatima,MAINTENANCE,LOW,INSPECTION,2025-05-06,DAY,CLOSED
579,smoke observed from electrical control panel.,PIPELINE 7,Blessing,PRODUCTION,HIGH,ELECTRICAL,2025-07-15,DAY,OPEN
580,oil spill discovered near storage tank.,WELLHEAD 12,John,PRODUCTION,HIGH,OIL SPILL,2025-01-15,DAY,UNDER INVESTIGATION
581,worker slipped on wet surface near loading bay.,WELLHEAD 12,Daniel,MAINTENANCE,MEDIUM,SLIP/FALL,2026-02-11,DAY,OPEN
582,small hydraulic fluid leak found beneath crane.,PIPELINE 8,John,ELECTRICAL,MEDIUM,LEAK,2026-02-11,NIGHT,UNDER INVESTIGATION
583,smoke observed from electrical control panel.,STORAGE TERMINAL,Aisha,UTILITIES,HIGH,ELECTRICAL,2025-11-12,NIGHT,UNDER INVESTIGATION
584,loose flange bolts discovered during maintenance.,COMPRESSOR STATION,Paul,MECHANICAL,MEDIUM,MECHANICAL,2025-06-23,NIGHT,RESOLVED
585,no report provided,GAS PROCESSING UNIT,Daniel,PRODUCTION,MEDIUM,LEAK,2025-01-28,NIGHT,UNDER INVESTIGATION
586,routine valve maintenance completed without issues.,PIPELINE 7,Michael,PIPELINE OPERATIONS,LOW,MAINTENANCE,2025-09-15,DAY,RESOLVED
587,gas detector triggered alarm near compressor station.,COMPRESSOR STATION,Ahmed,INSTRUMENTATION,HIGH,GAS DETECTION,2025-08-11,DAY,CLOSED
588,unauthorized personnel entered restricted area.,COMPRESSOR STATION,Ahmed,HSE,HIGH,SECURITY,2026-04-25,DAY,CLOSED
589,smoke observed from electrical control panel.,STORAGE TERMINAL,Chinedu,INSTRUMENTATION,HIGH,ELECTRICAL,2025-02-04,NIGHT,RESOLVED
590,loose flange bolts discovered during maintenance.,REFINERY,Ahmed,HSE,MEDIUM,MECHANICAL,2025-02-04,NIGHT,OPEN
591,abnormal temperature recorded in processing unit.,UNKNOWN,Chinedu,HSE,MEDIUM,EQUIPMENT FAILURE,2025-02-04,DAY,OPEN
592,small hydraulic fluid leak found beneath crane.,GAS PROCESSING UNIT,Grace,ELECTRICAL,MEDIUM,LEAK,2026-03-13,DAY,UNDER INVESTIGATION
593,fire extinguisher inspection completed successfully.,CONTROL ROOM,Grace,PIPELINE OPERATIONS,LOW,INSPECTION,2025-06-17,DAY,RESOLVED
594,sensor calibration completed successfully.,STORAGE TERMINAL,David,INSTRUMENTATION,LOW,INSPECTION,2026-04-24,NIGHT,RESOLVED
595,fire extinguisher inspection completed successfully.,PIPELINE 7,Grace,ELECTRICAL,LOW,INSPECTION,2025-12-23,NIGHT,RESOLVED
596,loose flange bolts discovered during maintenance.,PIPELINE 12,Grace,HSE,MEDIUM,MECHANICAL,2025-07-12,DAY,OPEN
597,routine valve maintenance completed without issues.,FLOW STATION,Fatima,PIPELINE OPERATIONS,LOW,MAINTENANCE,2025-06-30,DAY,OPEN
598,small hydraulic fluid leak found beneath crane.,PIPELINE 12,Joy,INSPECTION,MEDIUM,LEAK,2026-04-15,NIGHT,UNDER INVESTIGATION
599,sensor calibration completed successfully.,PLATFORM B,Blessing,INSTRUMENTATION,LOW,INSPECTION,2025-07-01,NIGHT,OPEN
600,smoke observed from electrical control panel.,PIPELINE 12,Paul,PRODUCTION,HIGH,ELECTRICAL,2025-06-09,NIGHT,CLOSED
601,abnormal temperature recorded in processing unit.,PIPELINE 7,Ibrahim,INSTRUMENTATION,MEDIUM,EQUIPMENT FAILURE,2025-12-14,NIGHT,CLOSED
602,abnormal temperature recorded in processing unit.,PIPELINE 7,John,PIPELINE OPERATIONS,MEDIUM,EQUIPMENT FAILURE,2026-01-15,DAY,UNDER INVESTIGATION
603,fire extinguisher inspection completed successfully.,PLATFORM A,Mary,MECHANICAL,LOW,INSPECTION,2025-03-21,NIGHT,UNDER INVESTIGATION
604,gas detector triggered alarm near compressor station.,REFINERY,Ahmed,MAINTENANCE,HIGH,GAS DETECTION,2026-06-20,NIGHT,CLOSED
605,pressure leak detected on pipeline 7 during routine inspection.,REFINERY,Mary,INSTRUMENTATION,HIGH,LEAK,2025-03-16,DAY,CLOSED
606,routine valve maintenance completed without issues.,FLOW STATION,Samuel,PIPELINE OPERATIONS,LOW,MAINTENANCE,2025-11-12,DAY,UNDER INVESTIGATION
607,pump vibration exceeded acceptable threshold.,TANK FARM,Joy,ELECTRICAL,MEDIUM,EQUIPMENT FAILURE,2026-03-29,DAY,CLOSED
608,fire extinguisher inspection completed successfully.,PLATFORM B,Paul,INSPECTION,LOW,INSPECTION,2026-04-12,DAY,UNDER INVESTIGATION
609,pressure leak detected on pipeline 7 during routine inspection.,STORAGE TERMINAL,Paul,HSE,HIGH,LEAK,2025-07-18,DAY,UNDER INVESTIGATION
610,abnormal temperature recorded in processing unit.,CONTROL ROOM,David,PRODUCTION,MEDIUM,EQUIPMENT FAILURE,2025-12-22,NIGHT,CLOSED
611,fire extinguisher inspection completed successfully.,GAS PROCESSING UNIT,Aisha,MAINTENANCE,LOW,INSPECTION,2025-08-29,NIGHT,OPEN
612,sensor calibration completed successfully.,COMPRESSOR STATION,Mary,HSE,LOW,INSPECTION,2025-08-29,NIGHT,OPEN
613,oil spill discovered near storage tank.,PIPELINE 8,Ibrahim,UTILITIES,HIGH,OIL SPILL,2025-08-23,DAY,OPEN
614,oil spill discovered near storage tank.,CONTROL ROOM,Blessing,PRODUCTION,HIGH,OIL SPILL,2025-04-15,DAY,RESOLVED
615,loose flange bolts discovered during maintenance.,COMPRESSOR STATION,UNKNOWN,MECHANICAL,MEDIUM,MECHANICAL,2025-07-28,NIGHT,UNDER INVESTIGATION
616,routine valve maintenance completed without issues.,LOADING BAY,Ahmed,HSE,LOW,MAINTENANCE,2025-01-04,DAY,OPEN
617,small hydraulic fluid leak found beneath crane.,GAS PROCESSING UNIT,Michael,PRODUCTION,MEDIUM,LEAK,2025-12-14,NIGHT,UNDER INVESTIGATION
618,pump vibration exceeded acceptable threshold.,COMPRESSOR STATION,Joy,PIPELINE OPERATIONS,MEDIUM,EQUIPMENT FAILURE,2025-02-10,NIGHT,CLOSED
619,oil spill discovered near storage tank.,REFINERY,Blessing,PIPELINE OPERATIONS,HIGH,OIL SPILL,2025-07-24,DAY,UNDER INVESTIGATION
620,smoke observed from electrical control panel.,PLATFORM A,Daniel,MAINTENANCE,HIGH,ELECTRICAL,2025-05-08,DAY,OPEN
621,fire extinguisher inspection completed successfully.,PLATFORM B,Fatima,INSPECTION,LOW,INSPECTION,2025-08-10,NIGHT,RESOLVED
622,abnormal temperature recorded in processing unit.,PIPELINE 8,John,INSTRUMENTATION,MEDIUM,EQUIPMENT FAILURE,2025-01-01,NIGHT,UNDER INVESTIGATION
623,no report provided,FLOW STATION,Grace,HSE,MEDIUM,SLIP/FALL,2025-07-15,NIGHT,CLOSED
624,emergency shutdown activated after pressure surge.,PLATFORM A,John,INSTRUMENTATION,HIGH,EQUIPMENT FAILURE,2025-01-13,NIGHT,UNDER INVESTIGATION
625,abnormal temperature recorded in processing unit.,LOADING BAY,Samuel,PRODUCTION,MEDIUM,EQUIPMENT FAILURE,2026-05-22,NIGHT,CLOSED
626,sensor calibration completed successfully.,UNKNOWN,Aisha,MECHANICAL,LOW,INSPECTION,2025-04-24,DAY,OPEN
627,oil spill discovered near storage tank.,TANK FARM,Fatima,HSE,HIGH,OIL SPILL,2025-02-08,NIGHT,OPEN
628,worker slipped on wet surface near loading bay.,PIPELINE 12,Aisha,PIPELINE OPERATIONS,MEDIUM,SLIP/FALL,2025-12-16,NIGHT,RESOLVED
629,small hydraulic fluid leak found beneath crane.,TANK FARM,Aisha,INSTRUMENTATION,MEDIUM,LEAK,2026-01-19,NIGHT,UNDER INVESTIGATION
630,smoke observed from electrical control panel.,CONTROL ROOM,Michael,PIPELINE OPERATIONS,HIGH,ELECTRICAL,2025-08-11,NIGHT,UNDER INVESTIGATION
631,loose flange bolts discovered during maintenance.,UNKNOWN,David,INSTRUMENTATION,MEDIUM,MECHANICAL,2025-08-31,NIGHT,OPEN
632,pressure leak detected on pipeline 7 during routine inspection.,CONTROL ROOM,Fatima,PIPELINE OPERATIONS,HIGH,LEAK,2025-08-28,NIGHT,RESOLVED
633,loose flange bolts discovered during maintenance.,PIPELINE 8,Chinedu,MAINTENANCE,MEDIUM,MECHANICAL,2025-12-16,DAY,OPEN
634,pressure leak detected on pipeline 7 during routine inspection.,MANIFOLD,Ahmed,MAINTENANCE,HIGH,LEAK,2025-01-16,DAY,UNDER INVESTIGATION
635,pressure leak detected on pipeline 7 during routine inspection.,REFINERY,Grace,INSTRUMENTATION,HIGH,LEAK,2025-08-22,DAY,OPEN
636,sensor calibration completed successfully.,PLATFORM B,Paul,ELECTRICAL,LOW,INSPECTION,2025-02-09,DAY,UNDER INVESTIGATION
637,gas detector triggered alarm near compressor station.,FLOW STATION,Samuel,PIPELINE OPERATIONS,HIGH,GAS DETECTION,2025-09-12,DAY,OPEN
638,gas detector triggered alarm near compressor station.,STORAGE TERMINAL,Aisha,INSTRUMENTATION,HIGH,GAS DETECTION,2025-10-23,NIGHT,CLOSED
639,no report provided,STORAGE TERMINAL,Chinedu,UTILITIES,LOW,MAINTENANCE,2025-05-29,DAY,UNDER INVESTIGATION
640,pump vibration exceeded acceptable threshold.,LOADING BAY,Daniel,MAINTENANCE,MEDIUM,EQUIPMENT FAILURE,2026-06-03,DAY,CLOSED
641,no report provided,FLOW STATION,Daniel,MAINTENANCE,LOW,INSPECTION,2026-04-19,DAY,UNDER INVESTIGATION
642,gas detector triggered alarm near compressor station.,TANK FARM,John,HSE,HIGH,GAS DETECTION,2026-05-19,DAY,RESOLVED
643,oil spill discovered near storage tank.,CONTROL ROOM,Michael,INSPECTION,HIGH,OIL SPILL,2025-03-09,NIGHT,UNDER INVESTIGATION
644,sensor calibration completed successfully.,PLATFORM A,Chinedu,UTILITIES,LOW,INSPECTION,2025-05-13,NIGHT,CLOSED
645,pump vibration exceeded acceptable threshold.,PLATFORM B,Blessing,MAINTENANCE,MEDIUM,EQUIPMENT FAILURE,2025-09-07,NIGHT,RESOLVED
646,pump vibration exceeded acceptable threshold.,WELLHEAD 12,David,MAINTENANCE,MEDIUM,EQUIPMENT FAILURE,2026-03-28,NIGHT,RESOLVED
647,smoke observed from electrical control panel.,PIPELINE 12,John,PRODUCTION,HIGH,ELECTRICAL,2025-10-20,NIGHT,CLOSED
648,loose flange bolts discovered during maintenance.,COMPRESSOR STATION,David,ELECTRICAL,MEDIUM,MECHANICAL,2026-04-22,DAY,CLOSED
649,small hydraulic fluid leak found beneath crane.,MANIFOLD,Ahmed,MECHANICAL,MEDIUM,LEAK,2025-05-24,DAY,RESOLVED
650,no report provided,TANK FARM,Daniel,UTILITIES,MEDIUM,MECHANICAL,2026-01-22,DAY,RESOLVED
651,small hydraulic fluid leak found beneath crane.,PLATFORM A,Ibrahim,PRODUCTION,MEDIUM,LEAK,2026-01-03,DAY,CLOSED
652,abnormal temperature recorded in processing unit.,MANIFOLD,Grace,PRODUCTION,MEDIUM,EQUIPMENT FAILURE,2026-06-13,DAY,RESOLVED
653,sensor calibration completed successfully.,PLATFORM B,Grace,UTILITIES,LOW,INSPECTION,2025-10-23,NIGHT,UNDER INVESTIGATION
654,pump vibration exceeded acceptable threshold.,FLOW STATION,Paul,UTILITIES,MEDIUM,EQUIPMENT FAILURE,2026-04-15,DAY,RESOLVED
655,routine valve maintenance completed without issues.,PLATFORM B,Samuel,MECHANICAL,LOW,MAINTENANCE,2025-08-26,NIGHT,RESOLVED
656,unauthorized personnel entered restricted area.,PIPELINE 8,Ibrahim,HSE,HIGH,SECURITY,2025-05-01,DAY,OPEN
657,smoke observed from electrical control panel.,PIPELINE 7,Ibrahim,HSE,HIGH,ELECTRICAL,2026-01-01,NIGHT,CLOSED
658,routine valve maintenance completed without issues.,COMPRESSOR STATION,UNKNOWN,MAINTENANCE,LOW,MAINTENANCE,2026-05-19,DAY,CLOSED
659,worker slipped on wet surface near loading bay.,TANK FARM,Mary,MECHANICAL,MEDIUM,SLIP/FALL,2025-06-23,NIGHT,UNDER INVESTIGATION
660,corrosion observed on external pipeline coating.,GAS PROCESSING UNIT,Paul,MECHANICAL,MEDIUM,CORROSION,2026-01-31,NIGHT,RESOLVED
661,loose flange bolts discovered during maintenance.,PIPELINE 12,Joy,INSPECTION,MEDIUM,MECHANICAL,2025-10-19,NIGHT,CLOSED
662,sensor calibration completed successfully.,TANK FARM,Samuel,MAINTENANCE,LOW,INSPECTION,2025-05-25,NIGHT,UNDER INVESTIGATION
663,abnormal temperature recorded in processing unit.,WELLHEAD 12,Daniel,INSPECTION,MEDIUM,EQUIPMENT FAILURE,2026-02-01,NIGHT,UNDER INVESTIGATION
664,loose flange bolts discovered during maintenance.,STORAGE TERMINAL,Mary,HSE,MEDIUM,MECHANICAL,2026-05-06,DAY,CLOSED
665,small hydraulic fluid leak found beneath crane.,COMPRESSOR STATION,John,HSE,MEDIUM,LEAK,2025-02-03,NIGHT,OPEN
666,abnormal temperature recorded in processing unit.,MANIFOLD,John,MAINTENANCE,MEDIUM,EQUIPMENT FAILURE,2025-02-08,DAY,OPEN
667,emergency shutdown activated after pressure surge.,FLOW STATION,Daniel,MAINTENANCE,HIGH,EQUIPMENT FAILURE,2025-11-08,NIGHT,OPEN
668,fire extinguisher inspection completed successfully.,STORAGE TERMINAL,Samuel,PRODUCTION,LOW,INSPECTION,2026-03-20,DAY,CLOSED
669,smoke observed from electrical control panel.,FLOW STATION,Joy,MECHANICAL,HIGH,ELECTRICAL,2026-04-11,NIGHT,CLOSED
670,no report provided,STORAGE TERMINAL,Mary,UTILITIES,LOW,MAINTENANCE,2026-02-28,NIGHT,UNDER INVESTIGATION
671,no report provided,GAS PROCESSING UNIT,Aisha,UTILITIES,MEDIUM,LEAK,2025-02-12,NIGHT,CLOSED
672,small hydraulic fluid leak found beneath crane.,PIPELINE 7,Fatima,MECHANICAL,MEDIUM,LEAK,2025-04-06,DAY,OPEN
673,worker slipped on wet surface near loading bay.,PIPELINE 8,Chinedu,UTILITIES,MEDIUM,SLIP/FALL,2025-02-16,DAY,OPEN
674,smoke observed from electrical control panel.,WELLHEAD 12,UNKNOWN,INSTRUMENTATION,HIGH,ELECTRICAL,2026-02-11,DAY,OPEN
675,smoke observed from electrical control panel.,PIPELINE 8,Daniel,UTILITIES,HIGH,ELECTRICAL,2026-02-11,DAY,OPEN
676,loose flange bolts discovered during maintenance.,PLATFORM B,Blessing,INSPECTION,MEDIUM,MECHANICAL,2025-10-07,NIGHT,RESOLVED
677,sensor calibration completed successfully.,TANK FARM,Michael,PRODUCTION,LOW,INSPECTION,2026-01-27,NIGHT,RESOLVED
678,smoke observed from electrical control panel.,WELLHEAD 12,Paul,PRODUCTION,HIGH,ELECTRICAL,2025-06-06,DAY,OPEN
679,sensor calibration completed successfully.,PLATFORM A,UNKNOWN,INSTRUMENTATION,LOW,INSPECTION,2025-09-14,DAY,UNDER INVESTIGATION
680,fire extinguisher inspection completed successfully.,COMPRESSOR STATION,Samuel,UTILITIES,LOW,INSPECTION,2025-10-15,NIGHT,RESOLVED
681,emergency shutdown activated after pressure surge.,GAS PROCESSING UNIT,Paul,INSPECTION,HIGH,EQUIPMENT FAILURE,2026-06-13,DAY,CLOSED
682,corrosion observed on external pipeline coating.,PIPELINE 12,Samuel,MECHANICAL,MEDIUM,CORROSION,2025-08-04,NIGHT,RESOLVED
683,small hydraulic fluid leak found beneath crane.,MANIFOLD,David,ELECTRICAL,MEDIUM,LEAK,2026-06-13,DAY,CLOSED
684,corrosion observed on external pipeline coating.,COMPRESSOR STATION,Ahmed,UTILITIES,MEDIUM,CORROSION,2025-12-26,DAY,CLOSED
685,emergency shutdown activated after pressure surge.,STORAGE TERMINAL,Blessing,UTILITIES,HIGH,EQUIPMENT FAILURE,2025-01-30,DAY,UNDER INVESTIGATION
686,emergency shutdown activated after pressure surge.,STORAGE TERMINAL,Michael,ELECTRICAL,HIGH,EQUIPMENT FAILURE,2025-01-17,DAY,OPEN
687,small hydraulic fluid leak found beneath crane.,PIPELINE 7,Mary,PRODUCTION,MEDIUM,LEAK,2026-04-28,NIGHT,RESOLVED
688,sensor calibration completed successfully.,TANK FARM,Chinedu,MECHANICAL,LOW,INSPECTION,2025-11-11,DAY,RESOLVED
689,emergency shutdown activated after pressure surge.,CONTROL ROOM,Fatima,INSPECTION,HIGH,EQUIPMENT FAILURE,2025-11-11,NIGHT,CLOSED
690,small hydraulic fluid leak found beneath crane.,STORAGE TERMINAL,Samuel,UTILITIES,MEDIUM,LEAK,2025-10-05,DAY,OPEN
691,worker slipped on wet surface near loading bay.,LOADING BAY,Fatima,ELECTRICAL,MEDIUM,SLIP/FALL,2025-03-09,NIGHT,OPEN
692,routine valve maintenance completed without issues.,MANIFOLD,Ahmed,MECHANICAL,LOW,MAINTENANCE,2025-01-08,DAY,RESOLVED
693,gas detector triggered alarm near compressor station.,FLOW STATION,Fatima,MAINTENANCE,HIGH,GAS DETECTION,2025-10-29,NIGHT,UNDER INVESTIGATION
694,emergency shutdown activated after pressure surge.,COMPRESSOR STATION,UNKNOWN,UTILITIES,HIGH,EQUIPMENT FAILURE,2026-02-04,DAY,RESOLVED
695,small hydraulic fluid leak found beneath crane.,LOADING BAY,Daniel,MECHANICAL,MEDIUM,LEAK,2026-04-23,NIGHT,CLOSED
696,small hydraulic fluid leak found beneath crane.,REFINERY,Joy,HSE,MEDIUM,LEAK,2025-03-24,NIGHT,CLOSED
697,small hydraulic fluid leak found beneath crane.,COMPRESSOR STATION,David,INSPECTION,MEDIUM,LEAK,2025-05-17,DAY,UNDER INVESTIGATION
698,fire extinguisher inspection completed successfully.,PIPELINE 7,Daniel,ELECTRICAL,LOW,INSPECTION,2026-03-12,NIGHT,OPEN
699,pressure leak detected on pipeline 7 during routine inspection.,STORAGE TERMINAL,Grace,ELECTRICAL,HIGH,LEAK,2025-12-17,DAY,RESOLVED
700,gas detector triggered alarm near compressor station.,STORAGE TERMINAL,Fatima,MAINTENANCE,HIGH,GAS DETECTION,2026-04-29,NIGHT,RESOLVED
701,corrosion observed on external pipeline coating.,CONTROL ROOM,Fatima,MECHANICAL,MEDIUM,CORROSION,2026-04-29,NIGHT,RESOLVED
702,loose flange bolts discovered during maintenance.,LOADING BAY,Paul,MAINTENANCE,MEDIUM,MECHANICAL,2025-05-07,DAY,OPEN
703,smoke observed from electrical control panel.,PIPELINE 8,Ahmed,MAINTENANCE,HIGH,ELECTRICAL,2025-08-30,DAY,RESOLVED
704,pressure leak detected on pipeline 7 during routine inspection.,PLATFORM B,Grace,PRODUCTION,HIGH,LEAK,2026-06-21,DAY,CLOSED
705,gas detector triggered alarm near compressor station.,FLOW STATION,Aisha,UTILITIES,HIGH,GAS DETECTION,2026-06-08,NIGHT,UNDER INVESTIGATION
706,oil spill discovered near storage tank.,PIPELINE 12,Daniel,UTILITIES,HIGH,OIL SPILL,2025-11-24,DAY,UNDER INVESTIGATION
707,pressure leak detected on pipeline 7 during routine inspection.,PLATFORM B,Joy,UTILITIES,HIGH,LEAK,2025-04-28,DAY,CLOSED
708,emergency shutdown activated after pressure surge.,WELLHEAD 12,Blessing,MECHANICAL,HIGH,EQUIPMENT FAILURE,2026-03-09,DAY,CLOSED
709,worker slipped on wet surface near loading bay.,FLOW STATION,John,UTILITIES,MEDIUM,SLIP/FALL,2026-05-29,DAY,OPEN
710,abnormal temperature recorded in processing unit.,PIPELINE 7,Michael,INSPECTION,MEDIUM,EQUIPMENT FAILURE,2025-10-14,DAY,RESOLVED
711,corrosion observed on external pipeline coating.,WELLHEAD 12,Chinedu,PIPELINE OPERATIONS,MEDIUM,CORROSION,2025-09-16,DAY,UNDER INVESTIGATION
712,routine valve maintenance completed without issues.,REFINERY,UNKNOWN,MAINTENANCE,LOW,MAINTENANCE,2026-01-02,NIGHT,OPEN
713,sensor calibration completed successfully.,PIPELINE 7,Grace,INSPECTION,LOW,INSPECTION,2026-03-09,DAY,CLOSED
714,unauthorized personnel entered restricted area.,REFINERY,Joy,PIPELINE OPERATIONS,HIGH,SECURITY,2025-11-12,NIGHT,CLOSED
715,loose flange bolts discovered during maintenance.,PIPELINE 7,John,HSE,MEDIUM,MECHANICAL,2025-02-02,NIGHT,UNDER INVESTIGATION
716,routine valve maintenance completed without issues.,TANK FARM,Fatima,PIPELINE OPERATIONS,LOW,MAINTENANCE,2025-12-12,DAY,CLOSED
717,small hydraulic fluid leak found beneath crane.,COMPRESSOR STATION,Daniel,HSE,MEDIUM,LEAK,2025-06-22,NIGHT,CLOSED
718,oil spill discovered near storage tank.,MANIFOLD,David,PRODUCTION,HIGH,OIL SPILL,2025-08-25,DAY,RESOLVED
719,smoke observed from electrical control panel.,PIPELINE 7,Aisha,MECHANICAL,HIGH,ELECTRICAL,2025-08-25,NIGHT,CLOSED
720,corrosion observed on external pipeline coating.,FLOW STATION,Grace,UTILITIES,MEDIUM,CORROSION,2026-04-11,DAY,CLOSED
721,emergency shutdown activated after pressure surge.,WELLHEAD 12,Grace,INSPECTION,HIGH,EQUIPMENT FAILURE,2026-04-07,NIGHT,CLOSED
722,gas detector triggered alarm near compressor station.,TANK FARM,Blessing,PRODUCTION,HIGH,GAS DETECTION,2025-06-10,DAY,UNDER INVESTIGATION
723,abnormal temperature recorded in processing unit.,PIPELINE 12,Joy,UTILITIES,MEDIUM,EQUIPMENT FAILURE,2026-01-02,NIGHT,CLOSED
724,worker slipped on wet surface near loading bay.,FLOW STATION,Joy,HSE,MEDIUM,SLIP/FALL,2025-01-15,NIGHT,OPEN
725,emergency shutdown activated after pressure surge.,REFINERY,Paul,MECHANICAL,HIGH,EQUIPMENT FAILURE,2025-02-18,NIGHT,CLOSED
726,fire extinguisher inspection completed successfully.,MANIFOLD,Paul,PRODUCTION,LOW,INSPECTION,2025-07-07,NIGHT,CLOSED
727,small hydraulic fluid leak found beneath crane.,FLOW STATION,Fatima,MAINTENANCE,MEDIUM,LEAK,2025-08-23,NIGHT,RESOLVED
728,unauthorized personnel entered restricted area.,MANIFOLD,John,INSPECTION,HIGH,SECURITY,2026-06-05,DAY,RESOLVED
729,pump vibration exceeded acceptable threshold.,PIPELINE 12,Ahmed,PRODUCTION,MEDIUM,EQUIPMENT FAILURE,2025-07-19,DAY,CLOSED
730,abnormal temperature recorded in processing unit.,PIPELINE 7,David,MECHANICAL,MEDIUM,EQUIPMENT FAILURE,2025-05-29,NIGHT,OPEN
731,fire extinguisher inspection completed successfully.,GAS PROCESSING UNIT,Blessing,UTILITIES,LOW,INSPECTION,2026-02-28,NIGHT,OPEN
732,worker slipped on wet surface near loading bay.,STORAGE TERMINAL,Ibrahim,MECHANICAL,MEDIUM,SLIP/FALL,2025-05-04,NIGHT,UNDER INVESTIGATION
733,small hydraulic fluid leak found beneath crane.,PIPELINE 8,Samuel,MECHANICAL,MEDIUM,LEAK,2026-05-17,NIGHT,UNDER INVESTIGATION
734,small hydraulic fluid leak found beneath crane.,LOADING BAY,Ibrahim,MAINTENANCE,MEDIUM,LEAK,2026-06-06,NIGHT,UNDER INVESTIGATION
735,corrosion observed on external pipeline coating.,CONTROL ROOM,Ahmed,MAINTENANCE,MEDIUM,CORROSION,2026-01-25,NIGHT,OPEN
736,no report provided,FLOW STATION,Joy,INSPECTION,LOW,INSPECTION,2025-11-26,NIGHT,RESOLVED
737,small hydraulic fluid leak found beneath crane.,PIPELINE 8,Samuel,PRODUCTION,MEDIUM,LEAK,2025-08-01,DAY,OPEN
738,oil spill discovered near storage tank.,WELLHEAD 12,Michael,INSTRUMENTATION,HIGH,OIL SPILL,2025-07-17,DAY,CLOSED
739,worker slipped on wet surface near loading bay.,PIPELINE 12,Chinedu,PRODUCTION,MEDIUM,SLIP/FALL,2026-01-16,DAY,RESOLVED
740,emergency shutdown activated after pressure surge.,WELLHEAD 12,Michael,PRODUCTION,HIGH,EQUIPMENT FAILURE,2026-01-01,DAY,OPEN
741,smoke observed from electrical control panel.,LOADING BAY,Blessing,UTILITIES,HIGH,ELECTRICAL,2025-04-23,NIGHT,OPEN
742,loose flange bolts discovered during maintenance.,LOADING BAY,Ibrahim,ELECTRICAL,MEDIUM,MECHANICAL,2026-03-05,NIGHT,OPEN
743,loose flange bolts discovered during maintenance.,UNKNOWN,Samuel,UTILITIES,MEDIUM,MECHANICAL,2026-05-15,NIGHT,RESOLVED
744,small hydraulic fluid leak found beneath crane.,PIPELINE 8,John,MAINTENANCE,MEDIUM,LEAK,2025-10-05,DAY,OPEN
745,pump vibration exceeded acceptable threshold.,GAS PROCESSING UNIT,Chinedu,INSPECTION,MEDIUM,EQUIPMENT FAILURE,2026-05-20,NIGHT,RESOLVED
746,loose flange bolts discovered during maintenance.,PIPELINE 7,Ahmed,HSE,MEDIUM,MECHANICAL,2025-02-15,NIGHT,RESOLVED
747,sensor calibration completed successfully.,PLATFORM B,Mary,PRODUCTION,LOW,INSPECTION,2025-02-11,NIGHT,UNDER INVESTIGATION
748,oil spill discovered near storage tank.,WELLHEAD 12,Daniel,UTILITIES,HIGH,OIL SPILL,2026-05-09,NIGHT,RESOLVED
749,pressure leak detected on pipeline 7 during routine inspection.,COMPRESSOR STATION,Joy,MECHANICAL,HIGH,LEAK,2026-05-03,NIGHT,UNDER INVESTIGATION
750,gas detector triggered alarm near compressor station.,PLATFORM B,Mary,PRODUCTION,HIGH,GAS DETECTION,2026-05-17,DAY,CLOSED
751,corrosion observed on external pipeline coating.,CONTROL ROOM,Grace,HSE,MEDIUM,CORROSION,2025-06-20,DAY,OPEN
752,sensor calibration completed successfully.,UNKNOWN,Paul,UTILITIES,LOW,INSPECTION,2026-04-09,NIGHT,UNDER INVESTIGATION
753,abnormal temperature recorded in processing unit.,LOADING BAY,Mary,HSE,MEDIUM,EQUIPMENT FAILURE,2025-03-13,NIGHT,CLOSED
754,worker slipped on wet surface near loading bay.,GAS PROCESSING UNIT,Mary,PIPELINE OPERATIONS,MEDIUM,SLIP/FALL,2025-08-24,NIGHT,UNDER INVESTIGATION
755,sensor calibration completed successfully.,COMPRESSOR STATION,Ahmed,PIPELINE OPERATIONS,LOW,INSPECTION,2026-06-21,DAY,OPEN
756,smoke observed from electrical control panel.,CONTROL ROOM,Chinedu,ELECTRICAL,HIGH,ELECTRICAL,2025-10-29,DAY,OPEN
757,pressure leak detected on pipeline 7 during routine inspection.,FLOW STATION,Joy,ELECTRICAL,HIGH,LEAK,2025-07-25,DAY,UNDER INVESTIGATION
758,oil spill discovered near storage tank.,LOADING BAY,Grace,PRODUCTION,HIGH,OIL SPILL,2025-10-08,NIGHT,OPEN
759,loose flange bolts discovered during maintenance.,TANK FARM,David,MAINTENANCE,MEDIUM,MECHANICAL,2025-05-13,DAY,RESOLVED
760,sensor calibration completed successfully.,PIPELINE 12,Fatima,PIPELINE OPERATIONS,LOW,INSPECTION,2026-06-19,DAY,OPEN
761,emergency shutdown activated after pressure surge.,STORAGE TERMINAL,Ibrahim,PRODUCTION,HIGH,EQUIPMENT FAILURE,2026-02-20,NIGHT,OPEN
762,pump vibration exceeded acceptable threshold.,WELLHEAD 12,Michael,PIPELINE OPERATIONS,MEDIUM,EQUIPMENT FAILURE,2025-10-19,DAY,RESOLVED
763,fire extinguisher inspection completed successfully.,WELLHEAD 12,Blessing,INSPECTION,LOW,INSPECTION,2025-12-18,NIGHT,CLOSED
764,emergency shutdown activated after pressure surge.,STORAGE TERMINAL,UNKNOWN,PIPELINE OPERATIONS,HIGH,EQUIPMENT FAILURE,2025-04-15,DAY,RESOLVED
765,sensor calibration completed successfully.,CONTROL ROOM,Daniel,PRODUCTION,LOW,INSPECTION,2025-05-12,DAY,OPEN
766,corrosion observed on external pipeline coating.,LOADING BAY,Joy,INSPECTION,MEDIUM,CORROSION,2025-06-11,NIGHT,CLOSED
767,oil spill discovered near storage tank.,MANIFOLD,John,PRODUCTION,HIGH,OIL SPILL,2025-02-21,NIGHT,UNDER INVESTIGATION
768,sensor calibration completed successfully.,PIPELINE 8,Joy,MAINTENANCE,LOW,INSPECTION,2025-09-11,DAY,OPEN
769,emergency shutdown activated after pressure surge.,PIPELINE 7,Joy,ELECTRICAL,HIGH,EQUIPMENT FAILURE,2025-05-03,NIGHT,UNDER INVESTIGATION
770,abnormal temperature recorded in processing unit.,COMPRESSOR STATION,David,PIPELINE OPERATIONS,MEDIUM,EQUIPMENT FAILURE,2025-01-20,DAY,OPEN
771,small hydraulic fluid leak found beneath crane.,WELLHEAD 12,Chinedu,ELECTRICAL,MEDIUM,LEAK,2025-09-16,DAY,RESOLVED
772,smoke observed from electrical control panel.,COMPRESSOR STATION,Grace,MAINTENANCE,HIGH,ELECTRICAL,2026-01-24,NIGHT,UNDER INVESTIGATION
773,small hydraulic fluid leak found beneath crane.,GAS PROCESSING UNIT,David,MAINTENANCE,MEDIUM,LEAK,2026-06-15,NIGHT,CLOSED
774,corrosion observed on external pipeline coating.,PLATFORM B,Daniel,INSTRUMENTATION,MEDIUM,CORROSION,2025-11-01,NIGHT,RESOLVED
775,gas detector triggered alarm near compressor station.,LOADING BAY,Mary,ELECTRICAL,HIGH,GAS DETECTION,2025-11-01,DAY,RESOLVED
776,smoke observed from electrical control panel.,REFINERY,Samuel,ELECTRICAL,HIGH,ELECTRICAL,2025-07-31,DAY,RESOLVED
777,unauthorized personnel entered restricted area.,PLATFORM B,John,MECHANICAL,HIGH,SECURITY,2026-01-09,NIGHT,RESOLVED
778,smoke observed from electrical control panel.,PLATFORM B,Blessing,UTILITIES,HIGH,ELECTRICAL,2026-06-04,DAY,RESOLVED
779,pressure leak detected on pipeline 7 during routine inspection.,MANIFOLD,Aisha,PRODUCTION,HIGH,LEAK,2025-07-26,NIGHT,CLOSED
780,sensor calibration completed successfully.,PLATFORM B,Blessing,PIPELINE OPERATIONS,LOW,INSPECTION,2025-02-19,NIGHT,OPEN
781,worker slipped on wet surface near loading bay.,GAS PROCESSING UNIT,Mary,MAINTENANCE,MEDIUM,SLIP/FALL,2026-03-20,NIGHT,CLOSED
782,pump vibration exceeded acceptable threshold.,MANIFOLD,John,MAINTENANCE,MEDIUM,EQUIPMENT FAILURE,2025-05-08,DAY,UNDER INVESTIGATION
783,pump vibration exceeded acceptable threshold.,LOADING BAY,Chinedu,PRODUCTION,MEDIUM,EQUIPMENT FAILURE,2026-05-14,DAY,RESOLVED
784,routine valve maintenance completed without issues.,UNKNOWN,David,MAINTENANCE,LOW,MAINTENANCE,2025-12-20,DAY,RESOLVED
785,gas detector triggered alarm near compressor station.,TANK FARM,Ahmed,MAINTENANCE,HIGH,GAS DETECTION,2025-01-03,NIGHT,UNDER INVESTIGATION
786,routine valve maintenance completed without issues.,FLOW STATION,Daniel,MAINTENANCE,LOW,MAINTENANCE,2025-01-03,NIGHT,CLOSED
787,corrosion observed on external pipeline coating.,GAS PROCESSING UNIT,Daniel,HSE,MEDIUM,CORROSION,2025-07-30,NIGHT,CLOSED
788,gas detector triggered alarm near compressor station.,PIPELINE 8,Michael,ELECTRICAL,HIGH,GAS DETECTION,2025-09-28,NIGHT,OPEN
789,unauthorized personnel entered restricted area.,MANIFOLD,David,PRODUCTION,HIGH,SECURITY,2025-11-06,DAY,RESOLVED
790,routine valve maintenance completed without issues.,TANK FARM,David,INSPECTION,LOW,MAINTENANCE,2025-01-04,DAY,RESOLVED
791,small hydraulic fluid leak found beneath crane.,COMPRESSOR STATION,Fatima,MAINTENANCE,MEDIUM,LEAK,2026-04-21,NIGHT,UNDER INVESTIGATION
792,routine valve maintenance completed without issues.,MANIFOLD,John,PRODUCTION,LOW,MAINTENANCE,2025-02-27,DAY,UNDER INVESTIGATION
793,gas detector triggered alarm near compressor station.,STORAGE TERMINAL,Blessing,MECHANICAL,HIGH,GAS DETECTION,2026-05-03,NIGHT,OPEN
794,corrosion observed on external pipeline coating.,PIPELINE 7,Grace,INSTRUMENTATION,MEDIUM,CORROSION,2025-04-02,NIGHT,CLOSED
795,fire extinguisher inspection completed successfully.,FLOW STATION,Grace,HSE,LOW,INSPECTION,2025-10-05,NIGHT,OPEN
796,loose flange bolts discovered during maintenance.,MANIFOLD,Aisha,UTILITIES,MEDIUM,MECHANICAL,2025-03-13,DAY,RESOLVED
797,routine valve maintenance completed without issues.,PIPELINE 12,Michael,MAINTENANCE,LOW,MAINTENANCE,2025-10-11,DAY,OPEN
798,pump vibration exceeded acceptable threshold.,MANIFOLD,Joy,PRODUCTION,MEDIUM,EQUIPMENT FAILURE,2025-06-21,DAY,CLOSED
799,smoke observed from electrical control panel.,GAS PROCESSING UNIT,Michael,UTILITIES,HIGH,ELECTRICAL,2026-03-18,NIGHT,UNDER INVESTIGATION
800,unauthorized personnel entered restricted area.,UNKNOWN,Chinedu,INSPECTION,HIGH,SECURITY,2026-03-18,DAY,RESOLVED
801,smoke observed from electrical control panel.,PIPELINE 7,Blessing,INSTRUMENTATION,HIGH,ELECTRICAL,2025-02-06,NIGHT,UNDER INVESTIGATION
802,worker slipped on wet surface near loading bay.,PLATFORM B,Daniel,INSTRUMENTATION,MEDIUM,SLIP/FALL,2025-12-21,NIGHT,CLOSED
803,loose flange bolts discovered during maintenance.,FLOW STATION,Ahmed,INSPECTION,MEDIUM,MECHANICAL,2025-11-28,NIGHT,CLOSED
804,smoke observed from electrical control panel.,GAS PROCESSING UNIT,Paul,INSPECTION,HIGH,ELECTRICAL,2025-07-09,DAY,OPEN
805,unauthorized personnel entered restricted area.,PLATFORM A,Paul,INSPECTION,HIGH,SECURITY,2025-05-25,DAY,OPEN
806,emergency shutdown activated after pressure surge.,MANIFOLD,Daniel,MECHANICAL,HIGH,EQUIPMENT FAILURE,2026-05-05,DAY,OPEN
807,smoke observed from electrical control panel.,FLOW STATION,Grace,HSE,HIGH,ELECTRICAL,2025-08-08,DAY,CLOSED
808,pressure leak detected on pipeline 7 during routine inspection.,MANIFOLD,Michael,MAINTENANCE,HIGH,LEAK,2025-05-26,NIGHT,RESOLVED
809,sensor calibration completed successfully.,FLOW STATION,Joy,INSPECTION,LOW,INSPECTION,2026-03-09,NIGHT,OPEN
810,gas detector triggered alarm near compressor station.,PIPELINE 7,Daniel,INSPECTION,HIGH,GAS DETECTION,2025-07-21,NIGHT,CLOSED
811,unauthorized personnel entered restricted area.,PIPELINE 7,Mary,MECHANICAL,HIGH,SECURITY,2025-05-25,NIGHT,CLOSED
812,pump vibration exceeded acceptable threshold.,FLOW STATION,Ahmed,UTILITIES,MEDIUM,EQUIPMENT FAILURE,2026-01-10,NIGHT,CLOSED
813,smoke observed from electrical control panel.,UNKNOWN,Ibrahim,INSTRUMENTATION,HIGH,ELECTRICAL,2025-02-23,DAY,RESOLVED
814,pressure leak detected on pipeline 7 during routine inspection.,MANIFOLD,John,PIPELINE OPS,HIGH,LEAK,2025-03-26,NIGHT,OPEN
815,gas detector triggered alarm near compressor station.,CONTROL ROOM,UNKNOWN,INSTRUMENTATION,HIGH,GAS DETECTION,2026-02-06,NIGHT,CLOSED
816,worker slipped on wet surface near loading bay.,PLATFORM B,Michael,INSPECTION,MEDIUM,SLIP/FALL,2025-10-31,NIGHT,OPEN
817,worker slipped on wet surface near loading bay.,GAS PROCESSING UNIT,Fatima,PRODUCTION,MEDIUM,SLIP/FALL,2026-06-02,NIGHT,UNDER INVESTIGATION
818,gas detector triggered alarm near compressor station.,TANK FARM,John,UTILITIES,HIGH,GAS DETECTION,2026-02-20,DAY,UNDER INVESTIGATION
819,pressure leak detected on pipeline 7 during routine inspection.,REFINERY,Aisha,MAINTENANCE,HIGH,LEAK,2025-01-22,NIGHT,RESOLVED
820,loose flange bolts discovered during maintenance.,PIPELINE 7,Aisha,MECHANICAL,MEDIUM,MECHANICAL,2025-12-17,DAY,CLOSED
821,unauthorized personnel entered restricted area.,STORAGE TERMINAL,Grace,PRODUCTION,HIGH,SECURITY,2025-10-02,DAY,UNDER INVESTIGATION
822,emergency shutdown activated after pressure surge.,LOADING BAY,Daniel,UTILITIES,HIGH,EQUIPMENT FAILURE,2026-02-08,NIGHT,RESOLVED
823,abnormal temperature recorded in processing unit.,TANK FARM,Ahmed,MECHANICAL,MEDIUM,EQUIPMENT FAILURE,2025-06-21,NIGHT,OPEN
824,smoke observed from electrical control panel.,MANIFOLD,Chinedu,UTILITIES,HIGH,ELECTRICAL,2026-01-01,DAY,OPEN
825,small hydraulic fluid leak found beneath crane.,TANK FARM,David,UTILITIES,MEDIUM,LEAK,2026-01-29,NIGHT,UNDER INVESTIGATION
826,sensor calibration completed successfully.,PIPELINE 7,Fatima,MECHANICAL,LOW,INSPECTION,2026-06-21,NIGHT,OPEN
827,worker slipped on wet surface near loading bay.,MANIFOLD,Ahmed,PIPELINE OPERATIONS,MEDIUM,SLIP/FALL,2025-09-03,NIGHT,CLOSED
828,unauthorized personnel entered restricted area.,COMPRESSOR STATION,Daniel,INSPECTION,HIGH,SECURITY,2025-03-11,NIGHT,UNDER INVESTIGATION
829,no report provided,PIPELINE 7,Paul,MAINTENANCE,HIGH,GAS DETECTION,2025-07-29,DAY,UNDER INVESTIGATION
830,pump vibration exceeded acceptable threshold.,CONTROL ROOM,Daniel,INSTRUMENTATION,MEDIUM,EQUIPMENT FAILURE,2026-03-02,NIGHT,OPEN
831,routine valve maintenance completed without issues.,MANIFOLD,David,INSTRUMENTATION,LOW,MAINTENANCE,2026-02-27,NIGHT,CLOSED
832,pressure leak detected on pipeline 7 during routine inspection.,PIPELINE 7,UNKNOWN,PRODUCTION,HIGH,LEAK,2026-01-08,DAY,RESOLVED
833,small hydraulic fluid leak found beneath crane.,PLATFORM A,Daniel,HSE,MEDIUM,LEAK,2025-10-06,DAY,RESOLVED
834,pressure leak detected on pipeline 7 during routine inspection.,TANK FARM,Ibrahim,PIPELINE OPERATIONS,HIGH,LEAK,2026-01-06,NIGHT,CLOSED
835,smoke observed from electrical control panel.,LOADING BAY,Mary,ELECTRICAL,HIGH,ELECTRICAL,2026-01-19,NIGHT,RESOLVED
836,corrosion observed on external pipeline coating.,STORAGE TERMINAL,David,UTILITIES,MEDIUM,CORROSION,2026-06-23,NIGHT,CLOSED
837,routine valve maintenance completed without issues.,PLATFORM A,Grace,MECHANICAL,LOW,MAINTENANCE,2025-08-05,DAY,OPEN
838,loose flange bolts discovered during maintenance.,PLATFORM B,Ibrahim,INSPECTION,MEDIUM,MECHANICAL,2025-01-10,DAY,OPEN
839,pump vibration exceeded acceptable threshold.,CONTROL ROOM,Samuel,MAINTENANCE,MEDIUM,EQUIPMENT FAILURE,2025-01-10,NIGHT,UNDER INVESTIGATION
840,small hydraulic fluid leak found beneath crane.,PIPELINE 8,Daniel,PRODUCTION,MEDIUM,LEAK,2026-05-24,NIGHT,RESOLVED
841,emergency shutdown activated after pressure surge.,REFINERY,Aisha,MECHANICAL,HIGH,EQUIPMENT FAILURE,2025-02-12,NIGHT,UNDER INVESTIGATION
842,small hydraulic fluid leak found beneath crane.,PIPELINE 12,Ahmed,PRODUCTION,MEDIUM,LEAK,2025-09-03,NIGHT,OPEN
843,unauthorized personnel entered restricted area.,MANIFOLD,John,MECHANICAL,HIGH,SECURITY,2026-05-30,NIGHT,OPEN
844,loose flange bolts discovered during maintenance.,WELLHEAD 12,Fatima,UTILITIES,MEDIUM,MECHANICAL,2025-01-29,NIGHT,CLOSED
845,abnormal temperature recorded in processing unit.,PIPELINE 12,Ibrahim,PRODUCTION,MEDIUM,EQUIPMENT FAILURE,2025-04-28,DAY,CLOSED
846,oil spill discovered near storage tank.,LOADING BAY,Fatima,PIPELINE OPERATIONS,HIGH,OIL SPILL,2025-09-10,DAY,OPEN
847,pump vibration exceeded acceptable threshold.,CONTROL ROOM,John,ELECTRICAL,MEDIUM,EQUIPMENT FAILURE,2025-07-24,NIGHT,OPEN
848,worker slipped on wet surface near loading bay.,WELLHEAD 12,David,MECHANICAL,MEDIUM,SLIP/FALL,2025-11-02,NIGHT,UNDER INVESTIGATION
849,small hydraulic fluid leak found beneath crane.,FLOW STATION,Ibrahim,MECHANICAL,MEDIUM,LEAK,2025-10-02,DAY,CLOSED
850,oil spill discovered near storage tank.,PIPELINE 12,Chinedu,PRODUCTION,HIGH,OIL SPILL,2025-08-14,DAY,CLOSED
851,fire extinguisher inspection completed successfully.,CONTROL ROOM,John,PRODUCTION,LOW,INSPECTION,2025-08-20,NIGHT,RESOLVED
852,fire extinguisher inspection completed successfully.,GAS PROCESSING UNIT,Mary,INSTRUMENTATION,LOW,INSPECTION,2025-09-27,DAY,CLOSED
853,unauthorized personnel entered restricted area.,LOADING BAY,Blessing,PRODUCTION,HIGH,SECURITY,2025-02-01,NIGHT,RESOLVED
854,gas detector triggered alarm near compressor station.,PLATFORM B,Michael,ELECTRICAL,HIGH,GAS DETECTION,2025-12-28,DAY,CLOSED
855,smoke observed from electrical control panel.,GAS PROCESSING UNIT,Fatima,ELECTRICAL,HIGH,ELECTRICAL,2025-06-20,NIGHT,UNDER INVESTIGATION
856,routine valve maintenance completed without issues.,LOADING BAY,Grace,INSTRUMENTATION,LOW,MAINTENANCE,2025-10-12,DAY,UNDER INVESTIGATION
857,smoke observed from electrical control panel.,PIPELINE 12,Blessing,MECHANICAL,HIGH,ELECTRICAL,2026-01-19,DAY,RESOLVED
858,worker slipped on wet surface near loading bay.,PIPELINE 7,Ahmed,INSTRUMENTATION,MEDIUM,SLIP/FALL,2025-05-03,DAY,UNDER INVESTIGATION
859,pressure leak detected on pipeline 7 during routine inspection.,PIPELINE 12,Grace,UTILITIES,HIGH,LEAK,2025-02-08,DAY,OPEN
860,smoke observed from electrical control panel.,MANIFOLD,Ibrahim,INSPECTION,HIGH,ELECTRICAL,2025-03-13,DAY,OPEN
861,emergency shutdown activated after pressure surge.,WELLHEAD 12,Ahmed,INSPECTION,HIGH,EQUIPMENT FAILURE,2026-02-26,DAY,CLOSED
862,pump vibration exceeded acceptable threshold.,REFINERY,Joy,UTILITIES,MEDIUM,EQUIPMENT FAILURE,2026-02-26,NIGHT,UNDER INVESTIGATION
863,pump vibration exceeded acceptable threshold.,PLATFORM A,Samuel,MECHANICAL,MEDIUM,EQUIPMENT FAILURE,2026-01-26,DAY,OPEN
864,small hydraulic fluid leak found beneath crane.,PLATFORM A,UNKNOWN,UTILITIES,MEDIUM,LEAK,2025-07-16,DAY,OPEN
865,unauthorized personnel entered restricted area.,PLATFORM A,Blessing,MAINTENANCE,HIGH,SECURITY,2025-11-28,DAY,OPEN
866,unauthorized personnel entered restricted area.,STORAGE TERMINAL,Joy,MAINTENANCE,HIGH,SECURITY,2025-11-06,DAY,CLOSED
867,emergency shutdown activated after pressure surge.,COMPRESSOR STATION,Michael,MAINTENANCE,HIGH,EQUIPMENT FAILURE,2025-06-26,NIGHT,OPEN
868,small hydraulic fluid leak found beneath crane.,CONTROL ROOM,Ibrahim,PIPELINE OPERATIONS,MEDIUM,LEAK,2026-02-03,NIGHT,UNDER INVESTIGATION
869,smoke observed from electrical control panel.,GAS PROCESSING UNIT,Grace,INSPECTION,HIGH,ELECTRICAL,2025-04-08,DAY,RESOLVED
870,pump vibration exceeded acceptable threshold.,PIPELINE 12,Fatima,INSPECTION,MEDIUM,EQUIPMENT FAILURE,2026-06-08,DAY,RESOLVED
871,routine valve maintenance completed without issues.,PIPELINE 7,Ahmed,UTILITIES,LOW,MAINTENANCE,2025-09-07,DAY,OPEN
872,sensor calibration completed successfully.,GAS PROCESSING UNIT,Aisha,ELECTRICAL,LOW,INSPECTION,2025-09-12,NIGHT,CLOSED
873,smoke observed from electrical control panel.,COMPRESSOR STATION,UNKNOWN,MAINTENANCE,HIGH,ELECTRICAL,2025-01-01,DAY,CLOSED
874,routine valve maintenance completed without issues.,WELLHEAD 12,Aisha,PRODUCTION,LOW,MAINTENANCE,2026-01-01,DAY,OPEN
875,sensor calibration completed successfully.,PLATFORM B,Daniel,PIPELINE OPERATIONS,LOW,INSPECTION,2025-09-21,DAY,OPEN
876,pump vibration exceeded acceptable threshold.,TANK FARM,David,INSPECTION,MEDIUM,EQUIPMENT FAILURE,2026-05-29,NIGHT,CLOSED
877,emergency shutdown activated after pressure surge.,PLATFORM B,Michael,MAINTENANCE,HIGH,EQUIPMENT FAILURE,2025-04-27,NIGHT,RESOLVED
878,smoke observed from electrical control panel.,PIPELINE 12,Samuel,MECHANICAL,HIGH,ELECTRICAL,2025-08-01,DAY,RESOLVED
879,sensor calibration completed successfully.,STORAGE TERMINAL,Daniel,HSE,LOW,INSPECTION,2025-03-04,DAY,CLOSED
880,worker slipped on wet surface near loading bay.,CONTROL ROOM,John,ELECTRICAL,MEDIUM,SLIP/FALL,2025-09-02,DAY,UNDER INVESTIGATION
881,worker slipped on wet surface near loading bay.,FLOW STATION,Samuel,HSE,MEDIUM,SLIP/FALL,2026-01-14,NIGHT,OPEN
882,emergency shutdown activated after pressure surge.,LOADING BAY,Paul,PIPELINE OPERATIONS,HIGH,EQUIPMENT FAILURE,2025-10-28,NIGHT,RESOLVED
883,no report provided,FLOW STATION,Chinedu,HSE,MEDIUM,CORROSION,2026-01-06,NIGHT,CLOSED
884,oil spill discovered near storage tank.,UNKNOWN,Ahmed,PIPELINE OPERATIONS,HIGH,OIL SPILL,2026-03-27,DAY,OPEN
885,gas detector triggered alarm near compressor station.,MANIFOLD,Joy,PRODUCTION,HIGH,GAS DETECTION,2026-06-14,DAY,CLOSED
886,worker slipped on wet surface near loading bay.,PIPELINE 7,Michael,PRODUCTION,MEDIUM,SLIP/FALL,2026-01-11,DAY,CLOSED
887,loose flange bolts discovered during maintenance.,PLATFORM B,Samuel,INSPECTION,MEDIUM,MECHANICAL,2026-05-06,DAY,CLOSED
888,pressure leak detected on pipeline 7 during routine inspection.,CONTROL ROOM,Samuel,UTILITIES,HIGH,LEAK,2025-03-03,NIGHT,CLOSED
889,worker slipped on wet surface near loading bay.,TANK FARM,Chinedu,ELECTRICAL,MEDIUM,SLIP/FALL,2026-04-25,NIGHT,CLOSED
890,loose flange bolts discovered during maintenance.,LOADING BAY,Michael,HSE,MEDIUM,MECHANICAL,2025-08-04,NIGHT,UNDER INVESTIGATION
891,smoke observed from electrical control panel.,REFINERY,Samuel,PRODUCTION,HIGH,ELECTRICAL,2026-05-19,NIGHT,OPEN
892,unauthorized personnel entered restricted area.,STORAGE TERMINAL,Aisha,INSPECTION,HIGH,SECURITY,2026-06-22,NIGHT,CLOSED
893,loose flange bolts discovered during maintenance.,PIPELINE 8,Samuel,ELECTRICAL,MEDIUM,MECHANICAL,2025-09-30,NIGHT,OPEN
894,corrosion observed on external pipeline coating.,STORAGE TERMINAL,Daniel,PIPELINE OPERATIONS,MEDIUM,CORROSION,2025-11-13,DAY,CLOSED
895,gas detector triggered alarm near compressor station.,FLOW STATION,John,INSTRUMENTATION,HIGH,GAS DETECTION,2025-11-05,NIGHT,OPEN
896,gas detector triggered alarm near compressor station.,LOADING BAY,Blessing,PIPELINE OPERATIONS,HIGH,GAS DETECTION,2026-06-21,NIGHT,RESOLVED
897,loose flange bolts discovered during maintenance.,GAS PROCESSING UNIT,David,MECHANICAL,MEDIUM,MECHANICAL,2025-12-06,DAY,UNDER INVESTIGATION
898,oil spill discovered near storage tank.,PLATFORM A,David,INSTRUMENTATION,HIGH,OIL SPILL,2025-03-19,NIGHT,OPEN
899,small hydraulic fluid leak found beneath crane.,STORAGE TERMINAL,Michael,INSPECTION,MEDIUM,LEAK,2026-02-12,DAY,RESOLVED
900,pump vibration exceeded acceptable threshold.,STORAGE TERMINAL,Ahmed,PIPELINE OPERATIONS,MEDIUM,EQUIPMENT FAILURE,2026-02-12,NIGHT,RESOLVED
901,unauthorized personnel entered restricted area.,PLATFORM B,Fatima,MAINTENANCE,HIGH,SECURITY,2026-02-12,DAY,UNDER INVESTIGATION
902,emergency shutdown activated after pressure surge.,PIPELINE 7,Paul,MECHANICAL,HIGH,EQUIPMENT FAILURE,2026-04-16,NIGHT,UNDER INVESTIGATION
903,pump vibration exceeded acceptable threshold.,WELLHEAD 12,Mary,PRODUCTION,MEDIUM,EQUIPMENT FAILURE,2026-05-16,NIGHT,UNDER INVESTIGATION
904,sensor calibration completed successfully.,COMPRESSOR STATION,Chinedu,UTILITIES,LOW,INSPECTION,2025-09-06,NIGHT,CLOSED
905,oil spill discovered near storage tank.,PIPELINE 7,Daniel,INSTRUMENTATION,HIGH,OIL SPILL,2025-07-08,NIGHT,OPEN
906,abnormal temperature recorded in processing unit.,PIPELINE 7,Samuel,HSE,MEDIUM,EQUIPMENT FAILURE,2025-01-29,NIGHT,UNDER INVESTIGATION
907,pump vibration exceeded acceptable threshold.,MANIFOLD,David,ELECTRICAL,MEDIUM,EQUIPMENT FAILURE,2025-05-04,NIGHT,CLOSED
908,unauthorized personnel entered restricted area.,COMPRESSOR STATION,David,MAINTENANCE,HIGH,SECURITY,2025-07-23,DAY,CLOSED
909,small hydraulic fluid leak found beneath crane.,PLATFORM B,Ahmed,INSPECTION,MEDIUM,LEAK,2026-03-02,DAY,OPEN
910,corrosion observed on external pipeline coating.,TANK FARM,Fatima,INSPECTION,MEDIUM,CORROSION,2026-06-04,NIGHT,RESOLVED
911,unauthorized personnel entered restricted area.,PIPELINE 8,Ibrahim,INSPECTION,HIGH,SECURITY,2025-12-07,NIGHT,CLOSED
912,sensor calibration completed successfully.,FLOW STATION,David,PIPELINE OPERATIONS,LOW,INSPECTION,2025-07-31,DAY,UNDER INVESTIGATION
913,smoke observed from electrical control panel.,MANIFOLD,John,MECHANICAL,HIGH,ELECTRICAL,2025-05-20,NIGHT,CLOSED
914,unauthorized personnel entered restricted area.,LOADING BAY,Michael,INSPECTION,HIGH,SECURITY,2025-05-20,DAY,RESOLVED
915,loose flange bolts discovered during maintenance.,GAS PROCESSING UNIT,Fatima,MAINTENANCE,MEDIUM,MECHANICAL,2026-01-02,NIGHT,RESOLVED
916,routine valve maintenance completed without issues.,UNKNOWN,Blessing,HSE,LOW,MAINTENANCE,2025-08-21,NIGHT,OPEN
917,unauthorized personnel entered restricted area.,PLATFORM B,Mary,INSPECTION,HIGH,SECURITY,2026-05-17,NIGHT,RESOLVED
918,loose flange bolts discovered during maintenance.,REFINERY,John,ELECTRICAL,MEDIUM,MECHANICAL,2025-10-20,DAY,OPEN
919,oil spill discovered near storage tank.,GAS PROCESSING UNIT,Ahmed,UTILITIES,HIGH,OIL SPILL,2025-05-26,DAY,UNDER INVESTIGATION
920,no report provided,REFINERY,Joy,PRODUCTION,MEDIUM,EQUIPMENT FAILURE,2025-05-22,NIGHT,OPEN
921,emergency shutdown activated after pressure surge.,PIPELINE 7,Ahmed,ELECTRICAL,HIGH,EQUIPMENT FAILURE,2025-05-20,DAY,CLOSED
922,abnormal temperature recorded in processing unit.,FLOW STATION,Fatima,MECHANICAL,MEDIUM,EQUIPMENT FAILURE,2025-04-14,NIGHT,OPEN
923,oil spill discovered near storage tank.,FLOW STATION,Ahmed,MAINTENANCE,HIGH,OIL SPILL,2025-05-05,NIGHT,CLOSED
924,emergency shutdown activated after pressure surge.,REFINERY,Grace,INSTRUMENTATION,HIGH,EQUIPMENT FAILURE,2025-12-15,DAY,CLOSED
925,smoke observed from electrical control panel.,PIPELINE 12,Blessing,INSPECTION,HIGH,ELECTRICAL,2025-02-02,NIGHT,UNDER INVESTIGATION
926,sensor calibration completed successfully.,WELLHEAD 12,Joy,UTILITIES,LOW,INSPECTION,2026-04-28,NIGHT,OPEN
927,corrosion observed on external pipeline coating.,WELLHEAD 12,Joy,PRODUCTION,MEDIUM,CORROSION,2025-09-19,NIGHT,CLOSED
928,oil spill discovered near storage tank.,TANK FARM,Chinedu,UTILITIES,HIGH,OIL SPILL,2026-02-13,NIGHT,RESOLVED
929,oil spill discovered near storage tank.,STORAGE TERMINAL,Aisha,MECHANICAL,HIGH,OIL SPILL,2025-07-05,DAY,RESOLVED
930,sensor calibration completed successfully.,MANIFOLD,Fatima,MECHANICAL,LOW,INSPECTION,2026-04-13,DAY,OPEN
931,loose flange bolts discovered during maintenance.,TANK FARM,Daniel,INSTRUMENTATION,MEDIUM,MECHANICAL,2025-04-29,NIGHT,UNDER INVESTIGATION
932,emergency shutdown activated after pressure surge.,TANK FARM,Michael,MAINTENANCE,HIGH,EQUIPMENT FAILURE,2025-12-26,NIGHT,OPEN
933,gas detector triggered alarm near compressor station.,FLOW STATION,John,MAINTENANCE,HIGH,GAS DETECTION,2025-08-24,NIGHT,UNDER INVESTIGATION
934,abnormal temperature recorded in processing unit.,WELLHEAD 12,Aisha,INSPECTION,MEDIUM,EQUIPMENT FAILURE,2025-11-19,DAY,OPEN
935,loose flange bolts discovered during maintenance.,COMPRESSOR STATION,Joy,PRODUCTION,MEDIUM,MECHANICAL,2025-05-16,DAY,OPEN
936,emergency shutdown activated after pressure surge.,PIPELINE 7,Michael,PIPELINE OPERATIONS,HIGH,EQUIPMENT FAILURE,2025-05-16,NIGHT,CLOSED
937,fire extinguisher inspection completed successfully.,PLATFORM B,Chinedu,PRODUCTION,LOW,INSPECTION,2025-02-20,NIGHT,RESOLVED
938,pump vibration exceeded acceptable threshold.,PIPELINE 8,Aisha,MECHANICAL,MEDIUM,EQUIPMENT FAILURE,2025-12-01,DAY,UNDER INVESTIGATION
939,small hydraulic fluid leak found beneath crane.,PLATFORM A,Grace,MECHANICAL,MEDIUM,LEAK,2025-02-21,DAY,UNDER INVESTIGATION
940,pump vibration exceeded acceptable threshold.,PLATFORM A,Blessing,HSE,MEDIUM,EQUIPMENT FAILURE,2025-11-18,DAY,OPEN
941,gas detector triggered alarm near compressor station.,WELLHEAD 12,Paul,PRODUCTION,HIGH,GAS DETECTION,2025-09-16,DAY,RESOLVED
942,pressure leak detected on pipeline 7 during routine inspection.,REFINERY,Grace,PRODUCTION,HIGH,LEAK,2025-04-19,DAY,RESOLVED
943,emergency shutdown activated after pressure surge.,COMPRESSOR STATION,Samuel,MECHANICAL,HIGH,EQUIPMENT FAILURE,2025-04-23,DAY,CLOSED
944,abnormal temperature recorded in processing unit.,PIPELINE 8,Ibrahim,HSE,MEDIUM,EQUIPMENT FAILURE,2025-01-24,NIGHT,RESOLVED
945,unauthorized personnel entered restricted area.,TANK FARM,Mary,INSPECTION,HIGH,SECURITY,2025-07-03,NIGHT,OPEN
946,routine valve maintenance completed without issues.,GAS PROCESSING UNIT,Mary,MECHANICAL,LOW,MAINTENANCE,2025-02-27,DAY,CLOSED
947,oil spill discovered near storage tank.,MANIFOLD,Aisha,PRODUCTION,HIGH,OIL SPILL,2025-11-15,NIGHT,UNDER INVESTIGATION
948,no report provided,COMPRESSOR STATION,John,INSTRUMENTATION,HIGH,GAS DETECTION,2025-12-13,DAY,RESOLVED
949,sensor calibration completed successfully.,STORAGE TERMINAL,Michael,ELECTRICAL,LOW,INSPECTION,2026-02-05,NIGHT,CLOSED
950,unauthorized personnel entered restricted area.,STORAGE TERMINAL,Aisha,MAINTENANCE,HIGH,SECURITY,2025-09-12,NIGHT,RESOLVED
951,sensor calibration completed successfully.,PIPELINE 7,Ahmed,INSPECTION,LOW,INSPECTION,2025-09-12,NIGHT,RESOLVED
952,abnormal temperature recorded in processing unit.,STORAGE TERMINAL,Paul,ELECTRICAL,MEDIUM,EQUIPMENT FAILURE,2026-04-04,DAY,CLOSED
953,oil spill discovered near storage tank.,LOADING BAY,Ahmed,PIPELINE OPERATIONS,HIGH,OIL SPILL,2025-06-12,NIGHT,OPEN
954,sensor calibration completed successfully.,LOADING BAY,Daniel,PRODUCTION,LOW,INSPECTION,2025-12-11,NIGHT,UNDER INVESTIGATION
955,small hydraulic fluid leak found beneath crane.,FLOW STATION,Ahmed,MECHANICAL,MEDIUM,LEAK,2025-09-18,NIGHT,OPEN
956,no report provided,UNKNOWN,David,UTILITIES,HIGH,OIL SPILL,2025-09-18,DAY,OPEN
957,no report provided,PIPELINE 8,Michael,ELECTRICAL,MEDIUM,CORROSION,2025-09-16,NIGHT,CLOSED
958,smoke observed from electrical control panel.,WELLHEAD 12,Paul,PIPELINE OPERATIONS,HIGH,ELECTRICAL,2026-02-10,NIGHT,RESOLVED
959,routine valve maintenance completed without issues.,GAS PROCESSING UNIT,Samuel,MAINTENANCE,LOW,MAINTENANCE,2026-02-08,DAY,CLOSED
960,pressure leak detected on pipeline 7 during routine inspection.,GAS PROCESSING UNIT,Michael,PRODUCTION,HIGH,LEAK,2025-05-20,DAY,RESOLVED
65,fire extinguisher inspection completed successfully.,PIPELINE 12,Blessing,MECHANICAL,LOW,INSPECTION,2026-03-12,DAY,CLOSED
582,small hydraulic fluid leak found beneath crane.,PIPELINE 8,John,ELECTRICAL,MEDIUM,LEAK,2026-06-13,NIGHT,UNDER INVESTIGATION
145,corrosion observed on external pipeline coating.,PIPELINE 7,Fatima,INSPECTION,MEDIUM,CORROSION,2026-01-06,DAY,RESOLVED
